,Date,Site,Depth,Temp.C,SpCond.uScm,Chlorophyll.RFU,Chlorophyll.ug/L,BGA-PC.RFU,BGA-PC.ug/L,Turbidity.FNU,fDOM.RFU,fDOM.QSU,ODO%sat,ODO.mg/L,pH
1,2019-05-21,A,0,11.11836667,716.6883333,0.1345,0.618166667,0.103,0.086833333,0.613666667,13.5545,38.89933333,93.70833333,10.28333333,8.3925
2,2019-05-21,A,1,11.11606667,742.6366667,0.169166667,0.758833333,0.101166667,0.084333333,0.500166667,13.72683333,39.39533333,94.09666667,10.32,8.343666667
3,2019-05-21,A,2,11.11746667,742.71,0.162,0.73,0.101666667,0.085666667,0.479166667,13.71183333,39.35566667,94.09166667,10.32,8.33
4,2019-05-21,A,3,11.11718333,742.5066667,0.6795,2.818666667,0.288,0.279,10.005,13.298,38.16516667,94.06166667,10.31816667,8.33
5,2019-05-21,D,0,11.11836667,716.6883333,0.1345,0.618166667,0.103,0.086833333,0.613666667,13.5545,38.89933333,93.70833333,10.28333333,8.3925
6,2019-05-21,D,1,11.11606667,742.6366667,0.169166667,0.758833333,0.101166667,0.084333333,0.500166667,13.72683333,39.39533333,94.09666667,10.32,8.343666667
7,2019-05-21,D,2,11.11746667,742.71,0.162,0.73,0.101666667,0.085666667,0.479166667,13.71183333,39.35566667,94.09166667,10.32,8.33
8,2019-05-21,D,3,11.11718333,742.5066667,0.6795,2.818666667,0.288,0.279,10.005,13.298,38.16516667,94.06166667,10.31816667,8.33
9,2019-05-22,C,0,10.78391667,744.0583333,0.182666667,0.812166667,0.102833333,0.087333333,1.3765,13.87816667,39.829,98.355,10.87616667,8.33
10,2019-05-22,C,1,10.72458333,744.2066667,0.212833333,0.932,0.106333333,0.0905,1.302333333,13.92716667,39.97033333,98.16333333,10.87,8.327333333
11,2019-05-22,C,2,10.62145,744.2983333,0.250666667,1.084666667,0.099166667,0.083,1.314833333,13.995,40.16483333,97.845,10.861,8.321833333
12,2019-05-22,C,3,10.57971667,744.3916667,0.245,1.062,0.099833333,0.083833333,1.225833333,14.02983333,40.26183333,97.74833333,10.85816667,8.32
13,2019-05-22,C,4,10.43525,744.3583333,0.2325,1.014,0.099666667,0.0835,1.065833333,14.12666667,40.54083333,97.31666667,10.85,8.32
14,2019-05-22,C,5,9.964566667,744.8583333,0.163833333,0.739,0.0905,0.074,0.736166667,14.38266667,41.27616667,95.79333333,10.7945,8.305333333
15,2019-05-22,C,6,9.665583333,745.0466667,0.134,0.612666667,0.094166667,0.078166667,0.572666667,14.57316667,41.82016667,94.57666667,10.7355,8.291833333
16,2019-05-22,C,7,9.5896,744.9983333,0.1305,0.6015,0.083666667,0.0665,0.5235,14.62433333,41.96583333,94.10166667,10.7005,8.286833333
17,2019-05-22,C,8,9.5613,744.965,0.131333333,0.608,0.087333333,0.070333333,0.526166667,14.6525,42.04733333,93.89833333,10.68733333,8.28
18,2019-05-22,C,9,9.530133333,745.0216667,0.128333333,0.591,0.091,0.074833333,0.559666667,14.67566667,42.11466667,93.71833333,10.67383333,8.28
19,2019-05-22,C,10,9.4512,745.3116667,0.128166667,0.590833333,0.088166667,0.071,0.588166667,14.72116667,42.24466667,93.345,10.64933333,8.274833333
20,2019-05-22,C,11,16.90214063,380.3716662,0.114465818,0.536826098,0.244845334,0.235539381,0.651401092,7.084598388,20.35893943,96.47483754,9.500896803,7.705393813
21,2019-05-22,C,12,9.31445,745.7816667,0.1255,0.582833333,0.088333333,0.071333333,0.591166667,14.79683333,42.46133333,92.17,10.5505,8.254333333
22,2019-05-22,C,13,9.270833333,746.3666667,0.1225,0.567833333,0.095333333,0.079666667,0.603166667,14.8225,42.5355,90.69,10.392,8.235833333
23,2019-05-22,C,14,9.215816667,747.365,1.014166667,4.167833333,0.4275,0.427,150.1306667,12.9615,37.20133333,89.075,10.21916667,8.200333333
24,2019-05-22,C,15,10.0308,508.8183333,0.5315,2.217333333,0.917166667,0.938166667,5.745333333,9.033833333,25.9465,90.85166667,10.235,8.218166667
25,2019-05-29,A,0,14.90691667,575.075,0.061,0.319333333,0.024166667,0.0045,0.352,13.24883333,38.02816667,91.16833333,9.197166667,8.367333333
26,2019-05-29,A,1,14.3304,574.4583333,0.081833333,0.4055,0.048333333,0.030333333,0.4235,13.9035,39.90116667,92.19,9.416166667,8.355
27,2019-05-29,A,2,14.11078333,573.6916667,0.108666667,0.514833333,0.0595,0.042333333,0.803833333,14.23516667,40.852,94.74833333,9.724333333,8.37
28,2019-06-05,B,0,16.71768333,576.615,0.2155,0.944166667,0.053666667,0.035666667,0.1455,12.6315,36.25583333,91,8.831,8.3695
29,2019-06-05,B,1,16.61566667,576.5616667,0.083666667,0.414166667,-0.0095,-0.0305,0.125666667,12.86583333,36.9285,90.85,8.838166667,8.132833333
30,2019-06-05,B,2,16.57398333,576.475,0.101333333,0.486,0.021166667,0.002166667,0.156666667,12.938,37.13483333,90.8,8.84,8.074833333
31,2019-06-05,B,3,16.5514,576.5716667,0.12,0.558,0.024333333,0.005,0.120833333,12.97383333,37.2385,90.7,8.84,8.06
32,2019-06-05,B,4,16.53668333,576.69,0.123333333,0.571666667,0.022,0.0025,0.125,12.96733333,37.21883333,90.7,8.84,8.05
33,2019-06-05,B,5,16.51135,576.6116667,0.095833333,0.462666667,0.0045,-0.0155,0.138833333,12.96633333,37.21683333,90.76833333,8.847333333,8.05
34,2019-06-05,B,6,16.40675,576.8083333,0.083,0.408333333,0.020333333,0.001666667,0.116666667,13,37.3105,90.50833333,8.840333333,8.040666667
35,2019-06-05,B,7,15.87123333,577.4533333,0.052833333,0.286333333,0.017,-0.0025,0.131166667,13.16633333,37.78933333,88.67166667,8.761833333,8.04
36,2019-06-05,B,8,14.94561667,577.8966667,0.056666667,0.3055,0.024333333,0.0045,0.11,13.59483333,39.02033333,83.79166667,8.4435,8.021666667
37,2019-06-05,B,9,14.16435,578.1733333,0.063,0.3255,0.0425,0.024333333,0.142,13.83633333,39.70866667,80.76833333,8.278166667,7.9985
38,2019-06-05,B,10,13.3524,578.6516667,0.068166667,0.352666667,0.064833333,0.047666667,0.141333333,14.03,40.26483333,77.26333333,8.064333333,7.975666667
39,2019-06-05,B,11,12.61946667,579.5666667,0.058,0.307833333,0.06,0.043333333,0.155666667,14.28783333,41.00183333,76.24333333,8.088833333,7.9825
40,2019-06-05,B,12,11.99976667,580.1733333,0.054666667,0.296,0.061833333,0.045,0.158833333,14.4205,41.38333333,74.21833333,7.986,7.967666667
41,2019-06-05,B,13,11.44641667,581.3016667,0.051,0.283666667,0.070833333,0.053333333,0.156333333,14.597,41.88833333,71.11166667,7.7485,7.943833333
42,2019-06-05,B,14,11.06065,582.4116667,0.058833333,0.312333333,0.068666667,0.0515,0.159333333,14.76033333,42.3585,66.56833333,7.317333333,7.880833333
43,2019-06-05,B,15,10.5435,585.2666667,0.067666667,0.35,0.077833333,0.060166667,0.225,15.02716667,43.12333333,54.11,6.020166667,7.7205
44,2019-06-05,B,16,10.34091667,586.4,0.0735,0.374666667,0.08,0.062666667,0.161333333,15.15683333,43.49466667,47.92166667,5.357,7.626833333
45,2019-06-05,B,17,10.15175,588.1516667,0.071,0.359,0.076,0.059166667,0.2095,15.27466667,43.8315,40.58333333,4.556166667,7.5265
46,2019-06-05,B,18,9.992966667,589.9683333,0.0835,0.410333333,0.090833333,0.0745,0.2495,15.39116667,44.164,31.34666667,3.533,7.402666667
47,2019-06-05,B,19,9.971733333,590.21,0.087833333,0.430666667,0.093333333,0.075833333,0.305833333,15.38783333,44.15383333,29.28166667,3.301833333,7.370666667
48,2019-06-05,B,20,9.9598,590.8333333,0.107833333,0.5135,0.1095,0.093333333,0.512666667,15.46916667,44.388,27.05,3.051166667,7.338666667
49,2019-06-05,C,0,16.71768333,576.615,0.2155,0.944166667,0.053666667,0.035666667,0.1455,12.6315,36.25583333,91,8.831,8.3695
50,2019-06-05,C,1,16.61566667,576.5616667,0.083666667,0.414166667,-0.0095,-0.0305,0.125666667,12.86583333,36.9285,90.85,8.838166667,8.132833333
51,2019-06-05,C,2,16.57398333,576.475,0.101333333,0.486,0.021166667,0.002166667,0.156666667,12.938,37.13483333,90.8,8.84,8.074833333
52,2019-06-05,C,3,16.5514,576.5716667,0.12,0.558,0.024333333,0.005,0.120833333,12.97383333,37.2385,90.7,8.84,8.06
53,2019-06-05,C,4,16.53668333,576.69,0.123333333,0.571666667,0.022,0.0025,0.125,12.96733333,37.21883333,90.7,8.84,8.05
54,2019-06-05,C,5,16.51135,576.6116667,0.095833333,0.462666667,0.0045,-0.0155,0.138833333,12.96633333,37.21683333,90.76833333,8.847333333,8.05
55,2019-06-05,C,6,16.40675,576.8083333,0.083,0.408333333,0.020333333,0.001666667,0.116666667,13,37.3105,90.50833333,8.840333333,8.040666667
56,2019-06-05,C,7,15.87123333,577.4533333,0.052833333,0.286333333,0.017,-0.0025,0.131166667,13.16633333,37.78933333,88.67166667,8.761833333,8.04
57,2019-06-05,C,8,14.94561667,577.8966667,0.056666667,0.3055,0.024333333,0.0045,0.11,13.59483333,39.02033333,83.79166667,8.4435,8.021666667
58,2019-06-05,C,9,14.16435,578.1733333,0.063,0.3255,0.0425,0.024333333,0.142,13.83633333,39.70866667,80.76833333,8.278166667,7.9985
59,2019-06-05,C,10,13.3524,578.6516667,0.068166667,0.352666667,0.064833333,0.047666667,0.141333333,14.03,40.26483333,77.26333333,8.064333333,7.975666667
60,2019-06-05,C,11,12.61946667,579.5666667,0.058,0.307833333,0.06,0.043333333,0.155666667,14.28783333,41.00183333,76.24333333,8.088833333,7.9825
61,2019-06-05,C,12,11.99976667,580.1733333,0.054666667,0.296,0.061833333,0.045,0.158833333,14.4205,41.38333333,74.21833333,7.986,7.967666667
62,2019-06-05,C,13,11.44641667,581.3016667,0.051,0.283666667,0.070833333,0.053333333,0.156333333,14.597,41.88833333,71.11166667,7.7485,7.943833333
63,2019-06-05,C,14,11.06065,582.4116667,0.058833333,0.312333333,0.068666667,0.0515,0.159333333,14.76033333,42.3585,66.56833333,7.317333333,7.880833333
64,2019-06-05,C,15,10.5435,585.2666667,0.067666667,0.35,0.077833333,0.060166667,0.225,15.02716667,43.12333333,54.11,6.020166667,7.7205
65,2019-06-05,C,16,10.34091667,586.4,0.0735,0.374666667,0.08,0.062666667,0.161333333,15.15683333,43.49466667,47.92166667,5.357,7.626833333
66,2019-06-05,C,17,10.15175,588.1516667,0.071,0.359,0.076,0.059166667,0.2095,15.27466667,43.8315,40.58333333,4.556166667,7.5265
67,2019-06-05,C,18,9.992966667,589.9683333,0.0835,0.410333333,0.090833333,0.0745,0.2495,15.39116667,44.164,31.34666667,3.533,7.402666667
68,2019-06-05,C,19,9.971733333,590.21,0.087833333,0.430666667,0.093333333,0.075833333,0.305833333,15.38783333,44.15383333,29.28166667,3.301833333,7.370666667
69,2019-06-05,C,20,9.9598,590.8333333,0.107833333,0.5135,0.1095,0.093333333,0.512666667,15.46916667,44.388,27.05,3.051166667,7.338666667
70,2019-05-29,D,0,14.90691667,575.075,0.061,0.319333333,0.024166667,0.0045,0.352,13.24883333,38.02816667,91.16833333,9.197166667,8.367333333
71,2019-05-29,D,1,14.3304,574.4583333,0.081833333,0.4055,0.048333333,0.030333333,0.4235,13.9035,39.90116667,92.19,9.416166667,8.355
72,2019-05-29,D,2,14.11078333,573.6916667,0.108666667,0.514833333,0.0595,0.042333333,0.803833333,14.23516667,40.852,94.74833333,9.724333333,8.37
73,2019-06-05,A,0,18.20318333,576.4483333,0.082833333,0.4075,0.0265,0.007166667,0.259833333,12.29216667,35.284,93.47833333,8.799,8.648333333
74,2019-06-05,A,1,17.8408,576.4266667,0.083333333,0.411,0.013666667,-0.005833333,0.277666667,12.5935,36.14916667,93.035,8.822,8.250833333
75,2019-06-05,A,2,16.91933333,575.6966667,0.083,0.413166667,0.037,0.0185,0.243166667,13.17166667,37.80466667,92.60833333,8.950166667,8.195666667
76,2019-06-05,A,3,16.55596667,576.215,0.105,0.497833333,0.025833333,0.006666667,0.273333333,13.32066667,38.23233333,89.93,8.757666667,8.134
77,2019-06-05,B,0,16.71768333,576.615,0.2155,0.944166667,0.053666667,0.035666667,0.1455,12.6315,36.25583333,91,8.831,8.3695
78,2019-06-05,B,1,16.61566667,576.5616667,0.083666667,0.414166667,-0.0095,-0.0305,0.125666667,12.86583333,36.9285,90.85,8.838166667,8.132833333
79,2019-06-05,B,2,16.57398333,576.475,0.101333333,0.486,0.021166667,0.002166667,0.156666667,12.938,37.13483333,90.8,8.84,8.074833333
80,2019-06-05,B,3,16.5514,576.5716667,0.12,0.558,0.024333333,0.005,0.120833333,12.97383333,37.2385,90.7,8.84,8.06
81,2019-06-05,B,4,16.53668333,576.69,0.123333333,0.571666667,0.022,0.0025,0.125,12.96733333,37.21883333,90.7,8.84,8.05
82,2019-06-05,B,5,16.51135,576.6116667,0.095833333,0.462666667,0.0045,-0.0155,0.138833333,12.96633333,37.21683333,90.76833333,8.847333333,8.05
83,2019-06-05,B,6,16.40675,576.8083333,0.083,0.408333333,0.020333333,0.001666667,0.116666667,13,37.3105,90.50833333,8.840333333,8.040666667
84,2019-06-05,B,7,15.87123333,577.4533333,0.052833333,0.286333333,0.017,-0.0025,0.131166667,13.16633333,37.78933333,88.67166667,8.761833333,8.04
85,2019-06-05,B,8,14.94561667,577.8966667,0.056666667,0.3055,0.024333333,0.0045,0.11,13.59483333,39.02033333,83.79166667,8.4435,8.021666667
86,2019-06-05,B,9,14.16435,578.1733333,0.063,0.3255,0.0425,0.024333333,0.142,13.83633333,39.70866667,80.76833333,8.278166667,7.9985
87,2019-06-05,B,10,13.3524,578.6516667,0.068166667,0.352666667,0.064833333,0.047666667,0.141333333,14.03,40.26483333,77.26333333,8.064333333,7.975666667
88,2019-06-05,B,11,12.61946667,579.5666667,0.058,0.307833333,0.06,0.043333333,0.155666667,14.28783333,41.00183333,76.24333333,8.088833333,7.9825
89,2019-06-05,B,12,11.99976667,580.1733333,0.054666667,0.296,0.061833333,0.045,0.158833333,14.4205,41.38333333,74.21833333,7.986,7.967666667
90,2019-06-05,B,13,11.44641667,581.3016667,0.051,0.283666667,0.070833333,0.053333333,0.156333333,14.597,41.88833333,71.11166667,7.7485,7.943833333
91,2019-06-05,B,14,11.06065,582.4116667,0.058833333,0.312333333,0.068666667,0.0515,0.159333333,14.76033333,42.3585,66.56833333,7.317333333,7.880833333
92,2019-06-05,B,15,10.5435,585.2666667,0.067666667,0.35,0.077833333,0.060166667,0.225,15.02716667,43.12333333,54.11,6.020166667,7.7205
93,2019-06-05,B,16,10.34091667,586.4,0.0735,0.374666667,0.08,0.062666667,0.161333333,15.15683333,43.49466667,47.92166667,5.357,7.626833333
94,2019-06-05,B,17,10.15175,588.1516667,0.071,0.359,0.076,0.059166667,0.2095,15.27466667,43.8315,40.58333333,4.556166667,7.5265
95,2019-06-05,B,18,9.992966667,589.9683333,0.0835,0.410333333,0.090833333,0.0745,0.2495,15.39116667,44.164,31.34666667,3.533,7.402666667
96,2019-06-05,B,19,9.971733333,590.21,0.087833333,0.430666667,0.093333333,0.075833333,0.305833333,15.38783333,44.15383333,29.28166667,3.301833333,7.370666667
97,2019-06-05,B,20,9.9598,590.8333333,0.107833333,0.5135,0.1095,0.093333333,0.512666667,15.46916667,44.388,27.05,3.051166667,7.338666667
98,2019-06-05,C,0,18.09853333,578.1283333,0.087333333,0.427833333,0.016333333,-0.003333333,0.1505,11.90616667,34.17666667,94.05833333,8.873666667,8.855833333
99,2019-06-05,C,1,17.42876667,577.8816667,0.113833333,0.535,0.046,0.027333333,0.151,12.44833333,35.7325,92.605,8.857166667,8.349666667
100,2019-06-05,C,2,16.75463333,576.72,0.099666667,0.475833333,0.044166667,0.026,0.157833333,12.92083333,37.08616667,92,8.925,8.234166667
101,2019-06-05,C,3,16.6689,576.62,0.108333333,0.514666667,0.030666667,0.011833333,0.146666667,12.92383333,37.0935,92,8.94,8.175833333
102,2019-06-05,C,4,16.51856667,576.75,0.125333333,0.5835,0.052,0.034,0.1465,12.88883333,36.99283333,92.34166667,9.001666667,8.163833333
103,2019-06-05,C,5,16.48966667,576.7516667,0.135333333,0.620666667,0.034833333,0.016333333,0.142,12.923,37.09116667,92.4,9.01,8.15
104,2019-06-05,C,6,16.36668333,576.8666667,0.1505,0.683,0.048333333,0.029833333,0.1355,12.93883333,37.134,92.2,9.02,8.15
105,2019-06-05,C,7,16.13721667,577.7033333,0.1505,0.681166667,0.0525,0.0345,0.158,13.09066667,37.5745,90,8.84,8.120333333
106,2019-06-05,C,8,15.93281667,578.07,0.087,0.4275,0.0435,0.025166667,0.137,13.2025,37.89283333,89.02166667,8.784166667,8.11
107,2019-06-05,C,9,15.84673333,577.9383333,0.077,0.386333333,0.0135,-0.006166667,0.130833333,13.262,38.06233333,88.9,8.79,8.101333333
108,2019-06-05,C,10,15.78693333,577.9816667,0.061,0.322666667,0.025666667,0.0065,0.151,13.32016667,38.226,87.82833333,8.6945,8.09
109,2019-06-05,C,11,13.13665,579.3383333,0.0535,0.289333333,0.062166667,0.0445,0.164833333,14.086,40.42416667,77.64333333,8.142333333,8.096333333
110,2019-06-05,C,12,12.18545,580.3716667,0.06,0.319,0.0485,0.030333333,0.184166667,14.4185,41.378,74.375,7.968333333,8.057333333
111,2019-06-05,C,13,11.70856667,583.2633333,0.078833333,0.394,0.063333333,0.0465,0.243666667,14.67733333,42.119,60.29666667,6.529833333,7.864
112,2019-06-05,C,14,11.36835,584.3616667,0.128666667,0.593,0.084333333,0.067333333,0.536833333,14.77533333,42.40083333,54.77833333,5.979,7.793666667
113,2019-06-05,D,0,18.20318333,576.4483333,0.082833333,0.4075,0.0265,0.007166667,0.259833333,12.29216667,35.284,93.47833333,8.799,8.648333333
114,2019-06-05,D,1,17.8408,576.4266667,0.083333333,0.411,0.013666667,-0.005833333,0.277666667,12.5935,36.14916667,93.035,8.822,8.250833333
115,2019-06-05,D,2,16.91933333,575.6966667,0.083,0.413166667,0.037,0.0185,0.243166667,13.17166667,37.80466667,92.60833333,8.950166667,8.195666667
116,2019-06-05,D,3,16.55596667,576.215,0.105,0.497833333,0.025833333,0.006666667,0.273333333,13.32066667,38.23233333,89.93,8.757666667,8.134
117,2019-06-17,A,0,19.37528333,571.98,0.0605,0.322,0.015666667,-0.0035,0.268666667,11.47983333,32.95383333,91.61333333,8.421833333,8.377333333
118,2019-06-17,A,1,19.33233333,572.0783333,0.107666667,0.507166667,0.030333333,0.010833333,0.206166667,11.5285,33.0955,91.4,8.41,8.222833333
119,2019-06-17,A,2,17.98676667,570.3433333,0.075666667,0.38,0.017833333,-0.002166667,0.201833333,12.84133333,36.85716667,93.65,8.8535,8.262833333
120,2019-06-17,B,0,18.15203333,570.0683333,0.101833333,0.486166667,0.023333333,0.0045,0.260333333,11.99433333,34.42883333,89.11833333,8.396833333,8.294166667
121,2019-06-17,B,1,17.76461667,569.7466667,0.098,0.471,0.0195,0.000166667,0.173666667,12.3115,35.33666667,88.315,8.39,8.196166667
122,2019-06-17,B,2,17.65063333,569.6633333,0.122833333,0.5685,0.045833333,0.028166667,0.218666667,12.55816667,36.04433333,88.16166667,8.39,8.163333333
123,2019-06-17,B,3,17.60601667,569.8516667,0.1315,0.605666667,0.0365,0.017,0.234833333,12.6105,36.19816667,88,8.381166667,8.15
124,2019-06-17,B,4,17.57185,569.915,0.109333333,0.516,0.023166667,0.004,0.187333333,12.62933333,36.24716667,87.74,8.368666667,8.15
125,2019-06-17,B,5,17.48028333,570.1066667,0.1075,0.508,0.018333333,-0.000333333,0.186833333,12.70633333,36.4685,86.98833333,8.311833333,8.14
126,2019-06-17,B,6,17.41803333,570.2933333,0.1015,0.483833333,0.005833333,-0.014166667,0.179166667,12.792,36.715,86.30833333,8.256333333,8.139333333
127,2019-06-17,B,7,16.7397,571.5783333,0.091833333,0.446333333,0.018333333,-0.001333333,0.189166667,13.14816667,37.73666667,81.48833333,7.906333333,8.104666667
128,2019-06-17,B,8,21.81403643,169.9651169,0.007645459,0.10596248,-0.018635128,-0.039755302,1.226441001,3.505527461,10.1012969,65.67615552,5.847142469,6.961818923
129,2019-06-17,B,9,16.26801667,572.0783333,0.0935,0.451666667,0.022833333,0.004166667,0.214666667,13.39583333,38.449,77.50333333,7.592666667,8.059
130,2019-06-17,B,10,16.21531667,572.07,0.082666667,0.409666667,0.015333333,-0.004,0.189666667,13.43516667,38.5605,77.1,7.562666667,8.05
131,2019-06-17,B,11,15.41855,573.1066667,0.083333333,0.411666667,0.0415,0.023166667,0.198333333,13.77933333,39.5435,71.545,7.14,8.003333333
132,2019-06-17,B,12,13.98463333,575.0233333,0.0905,0.437833333,0.050666667,0.0325,0.212333333,14.28516667,40.99616667,61.77833333,6.357666667,7.9255
133,2019-06-17,B,13,13.15485,575.6116667,0.082666667,0.408,0.0555,0.0395,0.214166667,14.64133333,42.01566667,53.975,5.657833333,7.8365
134,2019-06-17,B,14,12.46963333,576.69,0.072166667,0.366666667,0.059833333,0.041666667,0.2205,14.92566667,42.82916667,48.47833333,5.158833333,7.767166667
135,2019-06-17,B,15,11.69685,577.6983333,0.069666667,0.356833333,0.0695,0.052166667,0.231833333,15.18333333,43.5685,40.29333333,4.364666667,7.677
136,2019-06-17,B,16,10.93183333,579.3666667,0.084333333,0.416166667,0.075166667,0.058,0.214,15.51933333,44.5335,26.61833333,2.935,7.540166667
137,2019-06-17,B,17,10.7091,580.87,0.092666667,0.4495,0.075166667,0.058166667,0.228666667,15.71266667,45.08866667,15.07666667,1.670833333,7.424166667
138,2019-06-17,B,18,10.5465,581.69,0.083333333,0.412833333,0.090833333,0.073666667,0.215333333,15.81866667,45.3895,9.188333333,1.022166667,7.3705
139,2019-06-17,B,19,10.383,582.93,0.09,0.437166667,0.070833333,0.053333333,0.4,15.8905,45.59783333,2.161666667,0.242,7.299666667
140,2019-06-17,B,20,10.24263333,584.315,0.087666667,0.428666667,0.0905,0.0745,0.332833333,16.01166667,45.94383333,1.046666667,0.119333333,7.27
141,2019-06-17,D,0,18.8593,571.045,0.076,0.382333333,0.088833333,0.072833333,0.689666667,11.71866667,33.64083333,91.79166667,8.5255,8.368
142,2019-06-17,D,1,18.15091667,570.5466667,0.080333333,0.400833333,0.033833333,0.015,0.456833333,12.17116667,34.9375,89.06833333,8.3915,8.242666667
143,2019-06-17,D,2,17.81388333,569.0033333,0.082333333,0.407833333,0.019,-0.000333333,0.312666667,12.6565,36.32783333,98.01166667,9.3,8.278333333
144,2019-06-18,C,0,20.08341667,577.4616667,0.068166667,0.348,-0.010166667,-0.030666667,0.204666667,11.30733333,32.45916667,97.46,8.8325,8.360666667
145,2019-06-18,C,1,19.23768333,578.7716667,0.096333333,0.4615,0.013833333,-0.005833333,0.221,11.67933333,33.52666667,91.84333333,8.466166667,8.197833333
146,2019-06-18,C,2,18.06586667,575.67,0.103833333,0.4935,0.025666667,0.006833333,0.187166667,12.48833333,35.84666667,89.42333333,8.4405,8.134
147,2019-06-18,C,3,17.77795,575.305,0.135333333,0.622,0.052833333,0.034666667,0.171166667,12.70116667,36.45633333,89.61166667,8.507333333,8.094
148,2019-06-18,C,4,17.52146667,575.205,0.125833333,0.5815,0.038166667,0.019666667,0.169666667,12.7985,36.73433333,88.2,8.42,8.067666667
149,2019-06-18,C,5,17.44013333,575.3416667,0.120333333,0.562,0.024,0.005,0.163,12.84683333,36.87433333,86.20166667,8.2425,8.03
150,2019-06-18,C,6,17.40563333,575.4033333,0.115166667,0.541333333,0.022,0.0025,0.173666667,12.85616667,36.89666667,85.5,8.18,8.015333333
151,2019-06-18,C,7,17.35756667,575.2,0.096666667,0.469166667,0.0095,-0.010333333,0.165666667,12.88216667,36.97266667,84.69666667,8.111333333,8.001
152,2019-06-18,C,8,17.28363333,575.7383333,0.091333333,0.446666667,0.0145,-0.005666667,0.151,12.96266667,37.20233333,83.49166667,8.0095,7.99
153,2019-06-18,C,9,16.90141667,576.505,0.077666667,0.389833333,0.0145,-0.005666667,0.171666667,13.17733333,37.82,79.85333333,7.72,7.968
154,2019-06-18,C,10,15.93523333,578.32,0.080333333,0.397333333,0.024166667,0.004833333,0.165333333,13.61966667,39.0875,72.08166667,7.112166667,7.9135
155,2019-06-18,C,11,15.12243333,579.3366667,0.090166667,0.4395,0.045666667,0.027333333,0.174333333,13.98716667,40.14066667,64.09666667,6.436666667,7.831666667
156,2019-06-18,C,12,14.34753333,579.5183333,0.075333333,0.3805,0.046833333,0.028333333,0.219166667,14.21133333,40.78416667,63.09333333,6.442,7.814
157,2019-06-18,C,13,13.31388333,582.6933333,0.079333333,0.396,0.0465,0.027666667,0.249833333,14.782,42.41933333,43.70833333,4.5645,7.622333333
158,2019-06-18,C,14,11.5408,587.2316667,0.084,0.415333333,0.060333333,0.043333333,0.2975,15.47633333,44.41066667,20.26833333,2.203666667,7.3935
159,2019-06-26,A,0,22.1105,571.22,0.103333333,0.493666667,0.425666667,0.4245,2.531333333,11.13833333,31.9755,114.9916667,10.01833333,8.5395
160,2019-06-26,A,1,20.44591667,569.035,0.100833333,0.482666667,0.366333333,0.363,1.835333333,11.9615,34.33783333,114.675,10.3195,8.552166667
161,2019-06-26,A,2,20.10455,569.3633333,0.109666667,0.5175,0.377666667,0.374333333,1.580333333,12.40016667,35.594,109.4666667,9.917833333,8.51
162,2019-06-26,A,3,19.9699,569.6866667,0.0975,0.469,0.1745,0.161666667,0.920833333,12.55483333,36.03766667,104.3183333,9.475166667,8.47
163,2019-06-26,A,4,19.65615,569.8466667,0.099333333,0.472833333,0.018666667,-0.001166667,0.263,12.76833333,36.6485,96.22666667,8.796,8.41
164,2019-06-26,A,5,19.64243333,569.355,0.082166667,0.4055,0.015333333,-0.004333333,0.312666667,12.823,36.80616667,96.7,8.84,8.42
165,2019-06-26,A,6,19.60046667,569.4883333,0.064833333,0.334666667,0.012333333,-0.007333333,0.363333333,12.99433333,37.29583333,94.64666667,8.660666667,8.401166667
166,2019-06-26,A,7,19.47146667,570.9766667,0.064666667,0.336833333,0,-0.02,0.420333333,13.119,37.65266667,87.87333333,8.062,8.336166667
167,2019-06-26,A,8,16.27066667,575.2883333,0.055666667,0.300833333,0.032,0.013666667,0.2415,14.18333333,40.70283333,62.38666667,6.113166667,8.0975
168,2019-06-26,A,9,15.67796667,575.55,0.053166667,0.289666667,0.034166667,0.016,0.1415,14.40966667,41.35433333,59.10333333,5.8625,8.058833333
169,2019-06-26,A,10,14.99823333,576.1783333,0.0645,0.336666667,0.0325,0.014,0.196666667,14.71266667,42.21983333,54.79,5.516,8.018333333
170,2019-06-26,A,11,14.55435,576.36,0.048166667,0.27,0.059833333,0.042333333,0.170333333,14.80933333,42.4985,51.985,5.285833333,7.99
171,2019-06-26,A,12,14.42405,576.7416667,0.055833333,0.301833333,0.048,0.030333333,0.253,14.87066667,42.675,50.17333333,5.113333333,7.97
172,2019-06-26,A,13,13.12093333,578.925,0.054833333,0.295333333,0.063333333,0.044833333,0.208,15.41816667,44.2435,34.755,3.6465,7.835666667
173,2019-06-26,A,14,12.02861667,580.7066667,0.064666667,0.334166667,0.071166667,0.054333333,0.2455,15.8555,45.49666667,21.075,2.266,7.7285
174,2019-06-26,B,0,20.1325,570.965,0.118666667,0.553,0.171833333,0.1595,0.785833333,12.0045,34.45883333,102.6866667,9.298166667,8.42
175,2019-06-26,B,1,19.86143333,570.585,0.098333333,0.473833333,0.101166667,0.0845,0.820333333,12.377,35.529,101,9.1925,8.41
176,2019-06-26,B,2,19.79353333,570.965,0.121666667,0.567666667,0.074333333,0.057666667,0.3725,12.45633333,35.75466667,99.55833333,9.075333333,8.4
177,2019-06-26,B,3,19.74666667,571.21,0.101166667,0.482333333,0.051666667,0.033833333,0.370666667,12.4725,35.804,98.415,8.980333333,8.39
178,2019-06-26,B,4,19.6939,571.5183333,0.103,0.4905,0.0355,0.017666667,0.266166667,12.46733333,35.7855,97.47166667,8.9,8.38
179,2019-06-26,B,5,19.64243333,571.6533333,0.087166667,0.423,0.021333333,0.001833333,0.228166667,12.44866667,35.73216667,96.9,8.86,8.37
180,2019-06-26,B,6,19.60738333,571.7466667,0.086666667,0.423,0.002666667,-0.0175,0.197666667,12.421,35.652,96.5,8.83,8.37
181,2019-06-26,B,7,19.45725,571.7166667,0.076833333,0.387333333,-0.003333333,-0.023666667,0.2175,12.4705,35.79666667,95.19166667,8.737166667,8.36
182,2019-06-26,B,8,18.64001667,572.8483333,0.076166667,0.3815,0.020166667,0.000833333,0.215,13.104,37.6075,82.035,7.653666667,8.2455
183,2019-06-26,B,9,17.00708333,573.8816667,0.067,0.345166667,0.031,0.012333333,0.221,13.77716667,39.5415,72.22333333,6.9675,8.151166667
184,2019-06-26,B,10,15.61201667,575.5616667,0.0565,0.303666667,0.044,0.026,0.197833333,14.419,41.37733333,60.355,5.996833333,8.041666667
185,2019-06-26,B,11,14.09035,576.7483333,0.050333333,0.2785,0.049333333,0.031833333,0.182833333,14.941,42.87433333,51.65666667,5.303833333,7.9645
186,2019-06-26,B,12,13.43475,577.35,0.063666667,0.331833333,0.050666667,0.032333333,0.178833333,15.23716667,43.726,44.39166667,4.624666667,7.9
187,2019-06-26,B,13,13.02126667,578.2683333,0.0605,0.321166667,0.064833333,0.047166667,0.175166667,15.49033333,44.45033333,37.61,3.953666667,7.834
188,2019-06-26,B,14,11.84786667,580.2533333,0.065166667,0.3385,0.071333333,0.054666667,0.135333333,15.86083333,45.51116667,24.765,2.673166667,7.741
189,2019-06-26,B,15,11.36621667,581.305,0.072166667,0.366333333,0.076166667,0.059166667,0.156666667,16.10733333,46.21633333,13.42333333,1.464833333,7.66
190,2019-06-26,B,16,11.21618333,581.6916667,0.069833333,0.3585,0.073333333,0.055833333,0.165833333,16.19883333,46.47916667,9.176666667,1.005333333,7.63
191,2019-06-26,B,17,10.9417,582.495,0.072666667,0.367333333,0.092666667,0.075833333,0.1665,16.3735,46.97866667,2.77,0.3055,7.59
192,2019-06-26,B,18,10.70493333,583.2833333,0.086833333,0.428,0.093666667,0.077833333,0.17,16.6015,47.63233333,0.98,0.108833333,7.57
193,2019-06-26,B,19,10.49643333,584.8466667,0.091666667,0.443333333,0.080833333,0.064333333,0.2285,16.67366667,47.84083333,0.8,0.09,7.55
194,2019-06-26,C,0,22.1105,571.22,0.103333333,0.493666667,0.425666667,0.4245,2.531333333,11.13833333,31.9755,114.9916667,10.01833333,8.5395
195,2019-06-26,C,1,20.44591667,569.035,0.100833333,0.482666667,0.366333333,0.363,1.835333333,11.9615,34.33783333,114.675,10.3195,8.552166667
196,2019-06-26,C,2,20.10455,569.3633333,0.109666667,0.5175,0.377666667,0.374333333,1.580333333,12.40016667,35.594,109.4666667,9.917833333,8.51
197,2019-06-26,C,3,19.9699,569.6866667,0.0975,0.469,0.1745,0.161666667,0.920833333,12.55483333,36.03766667,104.3183333,9.475166667,8.47
198,2019-06-26,C,4,19.65615,569.8466667,0.099333333,0.472833333,0.018666667,-0.001166667,0.263,12.76833333,36.6485,96.22666667,8.796,8.41
199,2019-06-26,C,5,19.64243333,569.355,0.082166667,0.4055,0.015333333,-0.004333333,0.312666667,12.823,36.80616667,96.7,8.84,8.42
200,2019-06-26,C,6,19.60046667,569.4883333,0.064833333,0.334666667,0.012333333,-0.007333333,0.363333333,12.99433333,37.29583333,94.64666667,8.660666667,8.401166667
201,2019-06-26,C,7,19.47146667,570.9766667,0.064666667,0.336833333,0,-0.02,0.420333333,13.119,37.65266667,87.87333333,8.062,8.336166667
202,2019-06-26,C,8,16.27066667,575.2883333,0.055666667,0.300833333,0.032,0.013666667,0.2415,14.18333333,40.70283333,62.38666667,6.113166667,8.0975
203,2019-06-26,C,9,15.67796667,575.55,0.053166667,0.289666667,0.034166667,0.016,0.1415,14.40966667,41.35433333,59.10333333,5.8625,8.058833333
204,2019-06-26,C,10,14.99823333,576.1783333,0.0645,0.336666667,0.0325,0.014,0.196666667,14.71266667,42.21983333,54.79,5.516,8.018333333
205,2019-06-26,C,11,14.55435,576.36,0.048166667,0.27,0.059833333,0.042333333,0.170333333,14.80933333,42.4985,51.985,5.285833333,7.99
206,2019-06-26,C,12,14.42405,576.7416667,0.055833333,0.301833333,0.048,0.030333333,0.253,14.87066667,42.675,50.17333333,5.113333333,7.97
207,2019-06-26,C,13,13.12093333,578.925,0.054833333,0.295333333,0.063333333,0.044833333,0.208,15.41816667,44.2435,34.755,3.6465,7.835666667
208,2019-06-26,C,14,12.02861667,580.7066667,0.064666667,0.334166667,0.071166667,0.054333333,0.2455,15.8555,45.49666667,21.075,2.266,7.7285
209,2019-07-01,A,0,25.00508333,513.7583333,4.6195,18.70766667,0.6165,0.6235,3.735333333,18.35033333,52.64583333,142.36,11.74683333,8.640333333
210,2019-07-01,A,1,22.5712,531.9383333,0.582166667,2.4235,0.1185,0.103166667,1.045666667,12.72933333,36.53716667,107.615,9.2945,8.4475
211,2019-07-01,A,2,22.39358333,531.1116667,0.436666667,1.8365,0.077166667,0.060833333,1.153666667,12.88833333,36.99366667,114.1483333,9.892166667,8.477166667
212,2019-07-01,B,0,22.42555,533.435,0.1035,0.494,0.252166667,0.242666667,1.529,11.67033333,33.50066667,106.0966667,9.188333333,8.38
213,2019-07-01,B,1,22.38403333,533.5766667,0.1095,0.518333333,0.3005,0.292833333,1.519833333,11.77633333,33.80683333,106.87,9.262833333,8.388833333
214,2019-07-01,B,2,22.18511667,533.7616667,0.1125,0.531333333,0.259333333,0.250666667,1.1015,12.06116667,34.6215,105.3533333,9.1655,8.38
215,2019-07-01,B,3,22.08706667,534.0383333,0.125833333,0.583166667,0.166333333,0.154166667,0.831833333,12.12233333,34.798,103.4666667,9.02,8.37
216,2019-07-01,B,4,21.91245,534.665,0.113,0.532166667,0.069833333,0.0515,0.523333333,12.2035,35.03016667,101.2,8.85,8.35
217,2019-07-01,B,5,21.70838333,535.0216667,0.097333333,0.47,0.020833333,0.002333333,0.353666667,12.271,35.224,99.715,8.756833333,8.330166667
218,2019-07-01,B,6,21.40245,535.4833333,0.078333333,0.390333333,-0.000166667,-0.020333333,0.242833333,12.42666667,35.6695,97.79666667,8.639166667,8.3125
219,2019-07-01,B,7,20.77351667,537.6116667,0.099333333,0.4755,-0.009666667,-0.030333333,0.256,12.70133333,36.4585,90.88833333,8.128,8.2505
220,2019-07-01,B,8,20.3101,538.5733333,0.089333333,0.433166667,-0.0015,-0.021666667,0.234,12.82466667,36.8085,89.05166667,8.035666667,8.24
221,2019-07-01,B,9,19.13186667,541.56,0.053,0.289,-0.006,-0.026666667,0.207,13.107,37.61816667,81.11333333,7.493,8.16
222,2019-07-01,B,10,16.8566,543.775,0.0465,0.261833333,0.035,0.016166667,0.199666667,14.00616667,40.19533333,62.89333333,6.087166667,7.990833333
223,2019-07-01,B,11,14.54905,545.9533333,0.0615,0.322333333,0.039666667,0.021333333,0.211666667,14.90483333,42.7695,41.96,4.266166667,7.804166667
224,2019-07-01,B,12,13.93563333,546.8983333,0.059,0.312166667,0.048166667,0.030833333,0.212166667,15.1345,43.42916667,35.35666667,3.642666667,7.745333333
225,2019-07-01,B,13,11.9881,549.805,0.068333333,0.351166667,0.071166667,0.054833333,0.185166667,15.96233333,45.80133333,12.11666667,1.304666667,7.559
226,2019-07-01,B,14,11.6058,550.6983333,0.074166667,0.3755,0.0785,0.061833333,0.1765,16.06733333,46.104,6.483333333,0.702333333,7.510666667
227,2019-07-01,B,15,11.35946667,551.29,0.0795,0.397,0.087833333,0.0715,0.19,16.203,46.49166667,3.228333333,0.352666667,7.49
228,2019-07-01,B,16,11.11065,552.0066667,0.081666667,0.4045,0.089833333,0.074,0.191,16.32383333,46.83866667,1.088333333,0.1195,7.468833333
229,2019-07-01,B,17,24.1802929,74.3884153,-0.003352459,0.062054645,0.074904372,0.058079235,0.403461749,1.929423497,5.584669399,79.17319672,6.482702186,7.758297814
230,2019-07-01,B,18,10.8099,553.6583333,0.082666667,0.408166667,0.077,0.06,0.220833333,16.44383333,47.18266667,0.823333333,0.0905,7.44
231,2019-07-01,B,19,10.72278333,553.9983333,0.088,0.427166667,0.085666667,0.067833333,0.245833333,16.501,47.34633333,0.8,0.086833333,7.43
232,2019-07-01,C,0,23.30663333,535.085,0.058333333,0.310166667,-0.0025,-0.022333333,0.532,11.30083333,32.44316667,101.42,8.636833333,8.3985
233,2019-07-01,C,1,22.55006667,532.8866667,0.094666667,0.458,0.1445,0.131833333,1.699333333,12.11766667,34.783,105.6516667,9.1265,8.404
234,2019-07-01,C,2,22.07933333,531.54,0.119,0.554166667,0.232166667,0.223166667,1.882666667,12.4795,35.81883333,107.6933333,9.388666667,8.42
235,2019-07-01,C,3,21.97806667,531.6433333,0.127,0.587333333,0.407833333,0.4055,1.469666667,12.55033333,36.02333333,107.2616667,9.369833333,8.42
236,2019-07-01,C,4,21.91165,532.095,0.118166667,0.55,0.3125,0.305833333,1.374833333,12.54916667,36.02016667,105.2433333,9.205833333,8.41
237,2019-07-01,C,5,21.8448,532.765,0.0665,0.3425,0.042666667,0.024333333,0.469833333,12.59233333,36.14316667,101.6416667,8.901,8.380333333
238,2019-07-01,C,6,21.21466667,535.6333333,0.075833333,0.381333333,-0.003833333,-0.0245,0.2845,12.71683333,36.50016667,94.39166667,8.368333333,8.32
239,2019-07-01,C,7,20.60191667,537.55,0.067833333,0.3495,5.00E-04,-0.019666667,0.231333333,12.7925,36.7155,91.36333333,8.196333333,8.28
240,2019-07-01,C,8,19.73698333,539.8866667,0.068,0.347333333,-0.000333333,-0.02,0.263333333,13.07783333,37.5325,82.13166667,7.495833333,8.2025
241,2019-07-01,C,9,17.91296667,542.8566667,0.057166667,0.306,0.005,-0.015,0.230333333,13.61866667,39.0855,69.05333333,6.539166667,8.071166667
242,2019-07-01,C,10,16.24051667,544.515,0.050166667,0.275333333,0.033666667,0.0145,0.215666667,14.23666667,40.8565,56.33666667,5.522333333,7.948
243,2019-07-01,C,11,14.89343333,546.2083333,0.058833333,0.316833333,0.056666667,0.038833333,0.237,14.84666667,42.60316667,40.755,4.114166667,7.808833333
244,2019-07-01,C,12,14.0646,548.6883333,0.064833333,0.338,0.0665,0.048666667,0.284833333,15.319,43.95616667,24.54,2.520666667,7.664666667
245,2019-07-01,C,13,12.78075,549.2683333,0.062,0.324833333,0.070666667,0.053,0.193833333,15.68033333,44.997,16.94833333,1.792,7.614333333
246,2019-07-01,C,14,11.58778333,552.135,0.068166667,0.3505,0.080333333,0.064,0.294166667,16.1025,46.205,2.93,0.317333333,7.5
247,2019-07-01,D,0,25.00508333,513.7583333,4.6195,18.70766667,0.6165,0.6235,3.735333333,18.35033333,52.64583333,142.36,11.74683333,8.640333333
248,2019-07-01,D,1,22.5712,531.9383333,0.582166667,2.4235,0.1185,0.103166667,1.045666667,12.72933333,36.53716667,107.615,9.2945,8.4475
249,2019-07-01,D,2,22.39358333,531.1116667,0.436666667,1.8365,0.077166667,0.060833333,1.153666667,12.88833333,36.99366667,114.1483333,9.892166667,8.477166667
250,2019-07-09,A,0,25.80581667,478.61,0.554833333,2.316833333,2.177,2.253,7.5385,19.30133333,55.37366667,160.7516667,13.07383333,8.7585
251,2019-07-09,A,1,25.79586667,478.4116667,0.605666667,2.518,2.270666667,2.351166667,7.907,19.447,55.789,162.1,13.18466667,8.777666667
252,2019-07-09,A,2,25.76508333,478.435,0.570333333,2.375333333,2.122833333,2.196166667,6.917,19.9535,57.2425,159.5833333,12.98766667,8.761333333
253,2019-07-09,A,3,25.65408333,478.8133333,0.528333333,2.206,1.504166667,1.551333333,6.598166667,20.18916667,57.914,156.08,12.73,8.745
254,2019-07-09,B,0,25.19003333,492.5783333,0.181166667,0.807,1.461166667,1.5065,5.1735,12.055,34.60366667,140.2766667,11.53666667,8.655666667
255,2019-07-09,B,1,25.19688333,492.795,0.176166667,0.784833333,1.348666667,1.3885,4.370833333,12.115,34.77633333,140.9,11.58583333,8.68
256,2019-07-09,B,2,25.02561667,492.955,0.175,0.781666667,1.265166667,1.301333333,4.699,12.58833333,36.1325,139.2683333,11.488,8.67
257,2019-07-09,B,3,24.845,492.8233333,0.167166667,0.748833333,1.232833333,1.267833333,4.353666667,12.89933333,37.0245,137.87,11.41083333,8.67
258,2019-07-09,B,4,24.78928333,493.115,0.127,0.585333333,0.503,0.505666667,2.057333333,13.025,37.383,135.8616667,11.2565,8.66
259,2019-07-09,B,5,23.58086667,502.7716667,0.075166667,0.3785,0.000333333,-0.02,0.407833333,13.61,39.0615,96.08333333,8.141166667,8.294333333
260,2019-07-09,B,6,21.14836667,512.6816667,0.068166667,0.35,-0.005833333,-0.026666667,0.375833333,13.613,39.0695,57.82333333,5.132666667,7.855833333
261,2019-07-09,B,7,20.17075,513.1683333,0.048,0.269666667,0.013,-0.006666667,0.299333333,13.50516667,38.7615,64.03,5.793333333,7.91
262,2019-07-09,B,8,18.51078333,515.2166667,0.1695,0.76,0.032666667,0.0145,0.339333333,13.9205,39.95,60.4,5.651333333,7.858333333
263,2019-07-09,B,9,17.66295,515.6783333,0.0555,0.297833333,0.030666667,0.012166667,0.2495,14.2825,40.98866667,51.95166667,4.944833333,7.7695
264,2019-07-09,B,10,17.0592,516.3883333,0.044166667,0.254333333,0.034666667,0.0155,0.2985,14.58033333,41.84016667,44.61333333,4.301,7.69
265,2019-07-09,B,11,16.31853333,516.535,0.053166667,0.290666667,0.035666667,0.017166667,0.254833333,14.67333333,42.10783333,44.04666667,4.311833333,7.689
266,2019-07-09,B,12,15.32646667,517.0383333,0.0495,0.275166667,0.052,0.033666667,0.340666667,15.003,43.05333333,37.13333333,3.713833333,7.62
267,2019-07-09,B,13,14.64855,518.05,0.064166667,0.331333333,0.049166667,0.031166667,0.320166667,15.28366667,43.85666667,27.11833333,2.750833333,7.540166667
268,2019-07-09,B,14,13.25083333,519.84,0.061,0.319833333,0.062833333,0.044666667,0.223166667,15.8035,45.34433333,11.765,1.231833333,7.43
269,2019-07-09,B,15,12.51233333,520.9,0.0605,0.322333333,0.069666667,0.053666667,0.216,16.12216667,46.26133333,3.991666667,0.425666667,7.374333333
270,2019-07-09,B,16,11.91455,521.5383333,0.076666667,0.383166667,0.083,0.0665,0.246333333,16.30933333,46.79683333,1.426666667,0.1535,7.354166667
271,2019-07-09,B,17,11.14443333,525.1166667,0.094666667,0.456166667,0.101,0.085,0.288166667,16.604,47.64033333,1.033333333,0.1135,7.3025
272,2019-07-09,B,18,10.95736667,526.6833333,0.085833333,0.4205,0.088333333,0.072,0.299,16.7085,47.94266667,0.903333333,0.1,7.28
273,2019-07-09,B,19,10.89158333,526.805,0.086666667,0.426666667,0.118833333,0.104166667,0.552166667,16.72183333,47.98016667,0.9,0.1,7.275333333
274,2019-07-09,C,0,25.4557,493.495,0.084666667,0.417833333,0.4005,0.398,3.116,11.6585,33.4685,137.8116667,11.279,8.670666667
275,2019-07-09,C,1,25.43278333,493.475,0.094666667,0.455,0.470666667,0.470833333,2.664,11.71916667,33.64216667,138.16,11.31316667,8.67
276,2019-07-09,C,2,24.5658,497.6833333,0.074666667,0.375,0.201833333,0.190833333,1.142166667,13.12233333,37.66333333,119.6366667,9.951666667,8.532
277,2019-07-09,C,3,24.0188,500.6816667,0.068666667,0.349833333,0.0925,0.076166667,0.809333333,13.24033333,38.00033333,104.4983333,8.7835,8.4
278,2019-07-09,C,4,23.7246,501.7316667,0.060833333,0.324,0.094333333,0.079,0.7045,13.236,37.989,100.075,8.457333333,8.3465
279,2019-07-09,C,5,23.38915,504.6116667,0.069,0.355333333,0.018166667,-0.0015,0.458666667,13.29933333,38.1695,85.96833333,7.310666667,8.219333333
280,2019-07-09,C,6,22.03093333,509.355,0.028833333,0.1895,-0.030833333,-0.052666667,0.299333333,13.5235,38.812,75.65,6.599666667,8.043166667
281,2019-07-09,C,7,20.85256667,511.2983333,0.042666667,0.2475,0.010666667,-0.009166667,0.347,13.44683333,38.59316667,68.30166667,6.097666667,7.973666667
282,2019-07-09,C,8,19.4229,513.6933333,0.026833333,0.182833333,-5.00E-04,-0.020666667,0.258,13.75416667,39.472,63.6,5.842333333,7.9135
283,2019-07-09,C,9,18.1373,515.1,0.0275,0.1865,0.012,-0.007666667,0.214666667,14.04283333,40.3015,56.34,5.3115,7.833833333
284,2019-07-09,C,10,16.35568333,516.68,0.030666667,0.199666667,0.003833333,-0.016166667,0.2515,14.6775,42.1235,41.44333333,4.053833333,7.686666667
285,2019-07-09,C,11,15.24285,517.5316667,0.057,0.302833333,0.046,0.027833333,0.404833333,15.04916667,43.1855,33.12666667,3.319166667,7.6085
286,2019-07-09,C,12,13.6828,519.1733333,0.0585,0.3095,0.048166667,0.030333333,0.274833333,15.57516667,44.694,19.48666667,2.019333333,7.502
287,2019-07-09,C,13,12.31086667,521.2533333,0.064666667,0.335833333,0.089333333,0.072333333,0.297333333,16.175,46.4125,2.651666667,0.283666667,7.3835
288,2019-07-09,C,14,11.88395,521.5,0.0675,0.348,0.076,0.059166667,0.265833333,16.40833333,47.0805,1.336666667,0.144333333,7.367666667
289,2019-07-09,D,0,25.80581667,478.61,0.554833333,2.316833333,2.177,2.253,7.5385,19.30133333,55.37366667,160.7516667,13.07383333,8.7585
290,2019-07-09,D,1,25.79586667,478.4116667,0.605666667,2.518,2.270666667,2.351166667,7.907,19.447,55.789,162.1,13.18466667,8.777666667
291,2019-07-09,D,2,25.76508333,478.435,0.570333333,2.375333333,2.122833333,2.196166667,6.917,19.9535,57.2425,159.5833333,12.98766667,8.761333333
292,2019-07-09,D,3,25.65408333,478.8133333,0.528333333,2.206,1.504166667,1.551333333,6.598166667,20.18916667,57.914,156.08,12.73,8.745
293,2019-07-12,E,0,28.12453333,481.1133333,0.149666667,0.680666667,1.435166667,1.478666667,7.35,11.26416667,32.33466667,222.0966667,17.32616667,8.947
294,2019-07-12,E,1,26.04826667,481.7583333,0.2605,1.123666667,3.281666667,3.407166667,12.06766667,11.90733333,34.17983333,231.0616667,18.7075,8.970333333
295,2019-07-12,E,2,25.33248333,488.5633333,0.214833333,0.941666667,2.223333333,2.301166667,6.4305,12.17966667,34.96383333,176.395,14.469,8.8
296,2019-07-12,E,3,25.17745,489.3916667,0.1065,0.504,0.780833333,0.794333333,2.322166667,12.62583333,36.23916667,156.96,12.912,8.755833333
297,2019-07-12,E,4,25.11933333,490.6316667,0.060666667,0.322,0.123,0.108333333,0.9515,12.71066667,36.48266667,149.3016667,12.2945,8.722666667
298,2019-07-12,E,5,23.88141667,497.98,0.056333333,0.3035,0.023333333,0.004333333,0.511666667,13.6425,39.15366667,113.9316667,9.6,8.496166667
299,2019-07-12,E,6,23.23366667,503.3483333,0.043833333,0.251833333,-0.013166667,-0.034,0.4275,13.77283333,39.52783333,96.26666667,8.210333333,8.32
300,2019-07-12,E,7,22.2858,507.3216667,0.026666667,0.1835,-0.0435,-0.066333333,0.310666667,13.89583333,39.8785,84.24333333,7.316666667,8.16
301,2019-07-12,E,8,17.76203333,516.2533333,0.053166667,0.293166667,0.031,0.012166667,0.324333333,14.43766667,41.433,50.22333333,4.769833333,7.735166667
302,2019-07-12,E,9,16.90113333,516.5366667,0.0485,0.270833333,0.039666667,0.021,0.405,14.7465,42.31866667,44.37333333,4.292166667,7.663833333
303,2019-07-12,E,10,NA,NA,NA,NA,NA,NA,NA,NA,NA,NA,NA,NA
304,2019-07-12,E,11,14.98265,517.9483333,0.052166667,0.2845,0.0345,0.015666667,0.278333333,15.442,44.31083333,27.735,2.7935,7.5205
305,2019-07-12,E,12,14.19933333,518.7583333,0.06,0.318166667,0.056166667,0.038,0.300166667,15.63683333,44.87033333,21.40833333,2.1945,7.472833333
306,2019-07-12,E,13,13.11258333,519.7966667,0.061333333,0.324833333,0.061333333,0.043166667,0.269166667,16,45.91266667,10.85333333,1.139166667,7.4025
307,2019-07-12,E,14,12.73293333,520.9666667,0.073,0.368666667,0.0695,0.052,0.323833333,16.26816667,46.67866667,6.503333333,0.688166667,7.37
308,2019-07-12,E,15,12.48526667,522.0366667,0.069833333,0.3575,0.072666667,0.055,0.403666667,16.36316667,46.95233333,4.688333333,0.499,7.35
309,2019-07-12,E,16,12.0034,523.4466667,0.0755,0.377166667,0.083666667,0.067666667,0.452666667,16.56433333,47.52766667,2.201666667,0.236833333,7.324
310,2019-07-16,A,0,28.12385,527.1383333,0.1045,0.495666667,0.365,0.361166667,2.231666667,10.14433333,29.12883333,169.715,13.23833333,8.8445
311,2019-07-16,A,1,27.58123333,528.92,0.189166667,0.836,0.615833333,0.6235,2.8075,10.602,30.43883333,175.0316667,13.78483333,8.786666667
312,2019-07-16,A,2,26.6804,536.9,0.132333333,0.6095,0.475333333,0.476333333,2.320333333,13.1265,37.6765,162.8583333,13.03266667,8.711666667
313,2019-07-16,B,0,26.09331667,520.8633333,0.143666667,0.655,0.897666667,0.917333333,3.408333333,11.37116667,32.64616667,150.4866667,12.17333333,8.683666667
314,2019-07-16,B,1,26.09001667,521.1316667,0.172833333,0.771,0.945833333,0.967666667,3.368833333,11.395,32.70966667,151.8916667,12.2865,8.72
315,2019-07-16,B,2,26.0672,521.1566667,0.178666667,0.794333333,0.982166667,1.005666667,3.330833333,11.42466667,32.79566667,151.64,12.27366667,8.71
316,2019-07-16,B,3,26.08168333,521.1,0.170666667,0.764,1.026833333,1.052666667,3.153166667,11.40866667,32.75166667,151.9066667,12.29016667,8.7155
317,2019-07-16,B,4,26.07103333,521.09,0.1515,0.686666667,0.902333333,0.922333333,3.395333333,11.442,32.84633333,151.1533333,12.23266667,8.71
318,2019-07-16,B,5,25.78196667,526.015,0.118833333,0.554166667,0.967333333,0.99,3.321833333,11.8515,34.02,143.3933333,11.66466667,8.68
319,2019-07-16,B,6,25.74316667,526.2483333,0.098666667,0.471333333,0.804833333,0.8205,3.427833333,11.8355,33.9735,143.09,11.64783333,8.67
320,2019-07-16,B,7,21.1471,577.355,0.041166667,0.239833333,0.1775,0.164666667,1.4495,14.54483333,41.73883333,51.15833333,4.539833333,7.802333333
321,2019-07-16,B,8,18.92461667,580.25,0.057166667,0.305833333,0.165,0.151833333,1.100333333,14.6845,42.1425,41.295,3.830333333,7.665166667
322,2019-07-16,B,9,17.84348333,581.0266667,0.045333333,0.258666667,0.079833333,0.062833333,1.004833333,14.864,42.65433333,39.505,3.745666667,7.631
323,2019-07-16,B,10,17.10971667,581.305,0.048833333,0.270666667,0.108,0.092833333,0.875,15.06116667,43.22016667,38.12666667,3.669833333,7.623
324,2019-07-16,B,11,16.35618333,581.7133333,0.058666667,0.313833333,0.103833333,0.088333333,0.867666667,15.36516667,44.088,30.85833333,3.017666667,7.571166667
325,2019-07-16,B,12,14.53886667,583.46,0.069833333,0.356333333,0.115833333,0.102666667,0.623,16.04233333,46.02916667,13.81833333,1.405333333,7.463
326,2019-07-16,B,13,13.80706667,584.6616667,0.085,0.418833333,0.149666667,0.136,0.754166667,16.30333333,46.7795,6.388333333,0.66,7.42
327,2019-07-16,B,14,13.34731667,585.8366667,0.0975,0.466333333,0.308666667,0.3025,0.949,16.46983333,47.25833333,3.06,0.318833333,7.4
328,2019-07-16,B,15,12.90548333,586.245,0.099833333,0.478333333,0.5365,0.539666667,0.633333333,16.573,47.55383333,1.278333333,0.134833333,7.39
329,2019-07-16,B,16,12.48703333,586.7433333,0.084333333,0.414833333,0.329333333,0.323833333,0.3345,16.5795,47.56883333,1.13,0.12,7.39
330,2019-07-16,B,17,12.34745,587.9216667,0.1335,0.612,2.217666667,2.2965,0.503833333,16.657,47.79516667,1.02,0.11,7.372833333
331,2019-07-16,B,18,11.89133333,590.34,0.184666667,0.818333333,5.598666667,5.827333333,0.949833333,16.76216667,48.09316667,0.906666667,0.1,7.35
332,2019-07-16,B,19,11.22103333,594.44,0.3795,1.605833333,15.11566667,15.76616667,2.548166667,16.874,48.41516667,0.9,0.0945,7.326666667
333,2019-07-16,B,20,11.16271667,595.5166667,0.468166667,1.962833333,19.069,19.89566667,3.431833333,16.90016667,48.48833333,0.8,0.09,7.318833333
334,2019-07-16,C,0,27.25136667,527.075,0.090833333,0.439833333,0.407833333,0.406,2.4955,10.50316667,30.15683333,161.1683333,12.76866667,8.778
335,2019-07-16,C,1,26.44503333,527.4916667,0.104166667,0.4975,0.648,0.656166667,3.145166667,11.14566667,31.9995,166.57,13.38783333,8.7425
336,2019-07-16,C,2,25.70068333,528.7216667,0.221833333,0.970666667,1.328166667,1.365833333,5.7405,11.87116667,34.0785,168.8833333,13.75766667,8.7395
337,2019-07-16,C,3,25.30108333,535.8,0.182,0.812,1.489666667,1.535666667,5.408333333,12.426,35.66866667,149.5083333,12.27016667,8.65
338,2019-07-16,C,4,25.05031667,540.4466667,0.137,0.629666667,1.017,1.040333333,4.3575,12.84466667,36.86716667,139.1133333,11.469,8.59
339,2019-07-16,C,5,24.9638,541.7466667,0.150666667,0.6835,1.317333333,1.355833333,4.345,12.87083333,36.9425,137.9,11.38933333,8.58
340,2019-07-16,C,6,24.8946,542.315,0.114,0.534,0.744333333,0.757166667,3.588,12.90733333,37.0485,134.985,11.15983333,8.57
341,2019-07-16,C,7,20.82485,578.5866667,0.060166667,0.3185,0.084,0.067,0.848666667,14.44433333,41.45066667,52.87833333,4.722166667,7.813
342,2019-07-16,C,8,19.09355,580.9733333,0.0625,0.327666667,0.101666667,0.086333333,0.917833333,14.99033333,43.01583333,40.67666667,3.7605,7.665833333
343,2019-07-16,C,9,17.31863333,581.8333333,0.065166667,0.3375,0.123,0.108666667,0.889333333,15.216,43.6625,33.44,3.205333333,7.601333333
344,2019-07-16,C,10,16.36631667,582.2583333,0.059,0.311,0.096,0.080666667,0.552,15.69733333,45.0415,27.305,2.67,7.543666667
345,2019-07-16,C,11,15.4046,583.065,0.0755,0.38,0.084833333,0.067833333,0.523666667,16.1145,46.23566667,17.81666667,1.778833333,7.48
346,2019-07-16,C,12,14.37751667,584.6083333,0.0815,0.404,0.127166667,0.113,0.579333333,16.69216667,47.89516667,6.8,0.694333333,7.42
347,2019-07-16,C,13,13.47115,586.0283333,0.102166667,0.489666667,0.420166667,0.418166667,0.937,16.45,47.199,3.335,0.348666667,7.403
348,2019-07-16,C,14,28.17095601,301.7627869,0.055696721,0.300180328,0.320226776,0.31413388,1.328401639,7.778319672,22.3472623,96.8636612,7.289724044,8.178885246
349,2019-07-16,D,0,27.12298333,517.5566667,0.476833333,1.9945,0.35,0.345333333,3.58,13.82033333,39.66416667,120.2883333,9.5505,8.722833333
350,2019-07-16,D,1,26.82363333,516.8266667,0.568166667,2.364666667,0.482833333,0.484333333,3.952333333,14.493,41.59183333,117.865,9.41,8.71
351,2019-07-16,D,2,26.43446667,519.1,0.409333333,1.727166667,0.402166667,0.399833333,3.753333333,14.70883333,42.20866667,106.79,8.585,8.638333333
352,2019-07-24,A,0,27.4188,493.1516667,1.490166667,6.085,2.280166667,2.3615,9.328666667,10.59,30.40566667,145.8833333,11.52366667,8.865
353,2019-07-24,A,1,26.62043333,491.8116667,1.293666667,5.294166667,0.686166667,0.6955,3.292666667,11.44866667,32.86883333,142.2466667,11.3975,8.815
354,2019-07-24,A,2,25.74301667,494.8033333,0.389666667,1.645666667,0.358666667,0.353833333,2.696,13.3785,38.39583333,113.4583333,9.236833333,8.693166667
355,2019-07-24,B,0,24.99116667,491.8183333,0.737,3.049,1.322833333,1.361166667,4.853,12.73216667,36.54416667,122.9583333,10.14966667,8.746666667
356,2019-07-24,B,1,24.96161667,491.9616667,0.841833333,3.470166667,1.475833333,1.5205,4.9855,12.862,36.918,123.0516667,10.16233333,8.75
357,2019-07-24,B,2,24.9036,492.14,0.820833333,3.383666667,1.389166667,1.430166667,5.161,13.054,37.4655,118.99,9.837666667,8.777
358,2019-07-24,B,3,24.90635,492.875,0.998666667,4.102833333,1.496333333,1.541833333,4.485666667,13.15333333,37.75083333,118.38,9.786666667,8.76
359,2019-07-24,B,4,24.90605,493.035,1.099166667,4.507166667,1.3245,1.363833333,5.009,13.22766667,37.9635,118.5516667,9.801333333,8.75
360,2019-07-24,B,5,24.89815,493.1466667,1.300666667,5.323333333,1.472833333,1.5175,3.993666667,13.32033333,38.23083333,118.34,9.785166667,8.75
361,2019-07-24,B,6,24.89418333,493.2516667,1.393333333,5.697,1.292,1.329,5.251833333,13.45166667,38.60516667,118.8833333,9.8295,8.75
362,2019-07-24,B,7,24.88618333,493.275,1.9105,7.781,1.479833333,1.524333333,5.39,13.8825,39.84083333,120.24,9.944,8.75
363,2019-07-24,B,8,18.99206667,551.6116667,0.082,0.406166667,0.078166667,0.062,0.9805,16.04216667,46.03116667,10.45666667,0.968333333,7.571833333
364,2019-07-24,B,9,17.0166,554.18,0.0805,0.402333333,0.1185,0.1025,0.792166667,16.37966667,46.99783333,8.055,0.777166667,7.511333333
365,2019-07-24,B,10,15.96283333,555.2233333,0.0775,0.387333333,0.086666667,0.070166667,0.59,16.6805,47.85916667,2.923333333,0.2865,7.4625
366,2019-07-24,B,11,14.74068333,556.865,0.093,0.450166667,0.101833333,0.085666667,0.398,16.4755,47.27283333,1.671666667,0.170833333,7.450333333
367,2019-07-24,B,12,14.45231667,556.8716667,0.0905,0.441666667,0.095833333,0.0805,0.336333333,16.38633333,47.017,1.5,0.15,7.44
368,2019-07-24,B,13,13.5566,558.8666667,0.105,0.4985,0.105,0.089166667,0.363666667,16.26533333,46.67083333,1.363333333,0.139333333,7.4375
369,2019-07-24,B,14,12.5683,560.955,0.094333333,0.4535,0.142666667,0.128333333,0.382833333,16.44133333,47.17533333,1.245,0.13,7.411333333
370,2019-07-24,B,15,11.9226,563.45,0.103,0.4905,0.114333333,0.1,1.5745,16.83,48.28866667,1.1,0.12,7.4
371,2019-07-24,B,16,11.76291667,563.61,0.109666667,0.518666667,0.120666667,0.106,1.4175,16.85116667,48.348,1.031666667,0.110166667,7.391
372,2019-07-24,B,17,11.40501667,565.5933333,0.125166667,0.5795,0.1315,0.117166667,1.741666667,16.99966667,48.7755,1,0.109166667,7.365333333
373,2019-07-24,B,18,11.22308333,567.9483333,0.113166667,0.531666667,0.126666667,0.112666667,1.593166667,17.11766667,49.11266667,0.901666667,0.1,7.339666667
374,2019-07-24,B,19,11.09185,570.3533333,0.125166667,0.5795,0.154333333,0.141833333,1.378,17.22066667,49.41,0.908333333,0.1,7.31
375,2019-07-24,B,20,10.99788333,572.105,0.129333333,0.5965,0.158833333,0.1475,1.6445,17.32466667,49.70616667,0.9,0.1,7.288
376,2019-07-24,C,0,26.29123333,492.585,0.504,2.108333333,0.532833333,0.536,4.118166667,11.15216667,32.01583333,132.645,10.69283333,8.810833333
377,2019-07-24,C,1,25.40106667,492.6016667,0.413333333,1.741666667,0.722,0.7335,3.708166667,11.7605,33.76,123.0583333,10.08216667,8.774333333
378,2019-07-24,C,2,25.17858333,493.4966667,0.351,1.4915,0.906333333,0.9255,4.670833333,12.02216667,34.50983333,117.0133333,9.6245,8.75
379,2019-07-24,C,3,25.14866667,493.7683333,0.342666667,1.458166667,0.842833333,0.86,4.3155,12.06416667,34.62966667,115.15,9.477333333,8.74
380,2019-07-24,C,4,25.10578333,494.01,0.410666667,1.730666667,0.776666667,0.791333333,3.787166667,12.18233333,34.96966667,113.9166667,9.382833333,8.73
381,2019-07-24,C,5,24.99536667,494.91,0.404,1.705166667,0.613166667,0.620333333,3.485166667,12.27433333,35.23366667,111.5166667,9.204666667,8.72
382,2019-07-24,C,6,24.87926667,495.9333333,0.424333333,1.7905,0.4295,0.4285,3.012,12.39483333,35.57716667,108.6616667,8.988166667,8.703666667
383,2019-07-24,C,7,24.83328333,496.4716667,0.374833333,1.587,0.413,0.411166667,2.655,12.42316667,35.659,106.8583333,8.845833333,8.69
384,2019-07-24,C,8,18.28071667,552.68,0.079833333,0.396,0.094666667,0.078333333,0.8405,16.47333333,47.2665,9.935,0.9335,7.5615
385,2019-07-24,C,9,17.05721667,553.4833333,0.0685,0.350333333,0.084666667,0.069166667,0.612666667,16.4975,47.33566667,7.068333333,0.682666667,7.506666667
386,2019-07-24,C,10,16.26685,554.605,0.0645,0.3335,0.081333333,0.063,0.595166667,16.57666667,47.561,3.946666667,0.3865,7.472
387,2019-07-24,C,11,15.68911667,555.2266667,0.060833333,0.3235,0.069,0.051833333,0.3155,16.63116667,47.71866667,1.953333333,0.194333333,7.46
388,2019-07-24,C,12,15.14933333,555.6116667,0.062166667,0.328666667,0.076666667,0.060666667,0.261,16.86366667,48.38516667,1.435,0.143666667,7.46
389,2019-07-24,C,13,14.19488333,557.475,0.079666667,0.395,0.079,0.062166667,0.274833333,16.37916667,46.99633333,1.3,0.13,7.458666667
390,2019-07-24,C,14,12.99938333,560.2,0.084166667,0.414333333,0.082,0.065,0.735166667,16.324,46.84033333,1.191666667,0.12,7.442333333
391,2019-07-24,C,15,12.4724,573.6183333,5.953166667,24.08683333,12.98916667,13.54533333,277.9213333,0.634833333,1.874,1.128333333,0.121333333,7.158
392,2019-07-24,D,0,25.43218333,491.5633333,0.275,1.186166667,0.828333333,0.844833333,5.075,11.665,33.48716667,130.515,10.68666667,8.856333333
393,2019-07-24,D,1,24.9905,490.1233333,0.492833333,2.062,1.528,1.575666667,6.603333333,12.34166667,35.42383333,133.23,10.99783333,8.7825
394,2019-07-24,D,2,24.706,492.5033333,0.672333333,2.787166667,1.488,1.533333333,8.839333333,12.75766667,36.6185,115.7716667,9.607333333,8.693666667
395,2019-07-24,E,0,26.38628333,492.9266667,0.418666667,1.762333333,0.3795,0.375833333,3.0505,10.83066667,31.09383333,128.9966667,10.38083333,8.843333333
396,2019-07-24,E,1,25.43116667,489.0483333,1.1235,4.604833333,0.9085,0.927666667,4.604666667,11.842,33.9915,137.5566667,11.26283333,8.809166667
397,2019-07-24,E,2,25.15906667,490.55,0.725,2.998333333,1.166833333,1.198333333,5.4875,12.12066667,34.7935,129.85,10.68433333,8.77
398,2019-07-24,E,3,25.093,491.3766667,0.588166667,2.447,1.2275,1.261833333,5.3945,12.13783333,34.84133333,122.7566667,10.11383333,8.734333333
399,2019-07-24,E,4,25.03735,491.0516667,0.484,2.027666667,1.293333333,1.330333333,5.539333333,12.1775,34.95533333,118.8116667,9.799,8.718
400,2019-07-24,E,5,25.01461667,491.6716667,0.397,1.675333333,0.964333333,0.986666667,4.5785,12.24366667,35.14383333,114.4683333,9.444,8.7
401,2019-07-24,E,6,25.00755,491.6216667,0.3475,1.478666667,0.876333333,0.895,4.8255,12.24283333,35.14183333,113.4183333,9.36,8.69
402,2019-07-24,E,7,24.59735,496.29,0.270666667,1.169,0.4495,0.448333333,3.602166667,12.7515,36.60083333,103.9066667,8.635666667,8.626166667
403,2019-07-24,E,8,20.76293333,548.04,0.083333333,0.411833333,0.122666667,0.108833333,1.916,16.657,47.79216667,16.00833333,1.4315,7.594833333
404,2019-07-24,E,9,18.03176667,553.2333333,0.076833333,0.384833333,0.108,0.092833333,0.841833333,16.25266667,46.63433333,11.89333333,1.125,7.519666667
405,2019-07-24,E,10,17.29446667,553.7133333,0.0615,0.3235,0.106,0.090166667,0.6625,16.3925,47.0355,8.436666667,0.808666667,7.4725
406,2019-07-24,E,11,16.51495,554.07,0.067833333,0.349333333,0.081333333,0.063666667,0.559666667,16.52366667,47.41266667,6.083333333,0.5935,7.449333333
407,2019-07-24,E,12,14.82323333,555.9,0.063666667,0.332666667,0.076666667,0.06,0.378666667,16.82633333,48.27766667,1.561666667,0.157333333,7.4395
408,2019-07-24,E,13,14.10048333,556.9983333,0.079,0.394666667,0.096166667,0.080333333,0.416666667,16.7195,47.972,1.3,0.14,7.435666667
409,2019-07-24,E,14,34.75791667,105.255,0.128666667,0.596333333,0.472833333,0.474166667,19.41233333,5.337666667,15.35216667,95.83,6.685166667,8.3095
410,2019-07-24,E,15,34.93268333,105.3633333,0.114166667,0.535333333,0.388833333,0.385166667,18.44733333,5.306166667,15.26233333,95.9,6.670333333,8.312
411,2019-07-24,E,16,35.2692,65.5,0.106,0.502833333,0.231166667,0.2215,14.31433333,5.3085,15.26666667,96.13833333,6.6505,8.318166667
412,2019-07-24,E,17,35.36216667,1.536666667,0.017333333,0.143833333,0.010166667,-0.009666667,10.9325,5.490666667,15.793,99.20333333,6.852666667,8.333333333
413,2019-07-30,A,0,26.33558333,436.02,0.7055,2.9205,2.303833333,2.385666667,14.27983333,11.86283333,34.0545,100.7933333,8.1195,8.74
414,2019-07-30,A,1,26.3793,420.5883333,0.6985,2.895,2.249,2.328,9.688333333,10.77533333,30.93466667,118.63,9.551333333,8.819
415,2019-07-30,A,2,25.92406667,7.983333333,0.0615,0.322,0.230833333,0.222,4.099666667,-0.5255,-1.453333333,100.8,8.188666667,8.231
416,2019-07-30,B,0,25.53928333,484.035,0.593666667,2.470166667,2.204,2.281,7.599666667,12.41366667,35.63166667,123.5066667,10.09216667,8.801833333
417,2019-07-30,B,1,25.54338333,484.0116667,0.568,2.368333333,2.343,2.427,7.337666667,12.36733333,35.49883333,123.9966667,10.13316667,8.808833333
418,2019-07-30,B,2,25.54333333,484.3583333,0.584166667,2.428666667,2.064,2.134833333,7.249,12.4805,35.82466667,121.5583333,9.933166667,8.792833333
419,2019-07-30,B,3,25.54328333,484.245,0.577,2.405166667,2.194166667,2.270666667,7.244,12.44783333,35.7295,122.2716667,9.990333333,8.7985
420,2019-07-30,B,4,25.54453333,484.3266667,0.588833333,2.4525,2.041166667,2.1115,7.116166667,12.4535,35.746,122.2216667,9.987166667,8.8
421,2019-07-30,B,5,25.54398333,484.2166667,0.586666667,2.441,1.987666667,2.055833333,7.317166667,12.46816667,35.789,122.2916667,9.9925,8.797333333
422,2019-07-30,B,6,25.54278333,484.3383333,0.59,2.456166667,2.0665,2.138166667,6.877,12.46916667,35.7895,122.2966667,9.9935,8.796333333
423,2019-07-30,B,7,25.541,484.2866667,0.588666667,2.450333333,2.101,2.1745,7.300166667,12.4655,35.78016667,122.38,10,8.79
424,2019-07-30,B,8,25.221,488.215,0.4505,1.890833333,0.721,0.732833333,3.026,13.0065,37.33,109.2516667,8.9795,8.7055
425,2019-07-30,B,9,17.23356667,554.7683333,0.094,0.4575,0.0605,0.043,0.467833333,16.43833333,47.16766667,6.338333333,0.609,7.5365
426,2019-07-30,B,10,16.26968333,555.3233333,0.100666667,0.481666667,0.061833333,0.0445,0.374666667,16.62733333,47.70933333,2.546666667,0.249333333,7.442666667
427,2019-07-30,B,11,14.7297,557.3466667,0.101166667,0.481,0.071166667,0.053666667,0.393166667,16.30116667,46.77216667,1.93,0.1955,7.432166667
428,2019-07-30,B,12,14.16466667,559.9116667,0.1055,0.501166667,0.090333333,0.074166667,1.679166667,16.334,46.86633333,1.63,0.167,7.419
429,2019-07-30,B,13,13.34441667,559.4483333,0.091,0.442833333,0.088833333,0.072833333,0.769666667,16.29433333,46.755,1.448333333,0.15,7.407333333
430,2019-07-30,B,14,12.84505,560.2783333,0.089333333,0.435166667,0.088166667,0.070666667,0.312,16.4245,47.127,1.326666667,0.14,7.4
431,2019-07-30,B,15,12.41711667,560.44,0.0885,0.4335,0.076,0.060166667,0.351333333,16.51566667,47.38733333,1.2,0.13,7.394333333
432,2019-07-30,B,16,11.94571667,563.515,0.104166667,0.494166667,0.101,0.086,0.870166667,16.99533333,48.76316667,1.11,0.12,7.370666667
433,2019-07-30,B,17,11.58311667,568.7766667,0.105,0.5025,0.108333333,0.092666667,1.021166667,17.2285,49.43133333,1.1,0.12,7.304333333
434,2019-07-30,B,18,11.45056667,571.0566667,0.124833333,0.579833333,0.100333333,0.085333333,1.008333333,17.32466667,49.70516667,1.003333333,0.11,7.28
435,2019-07-30,B,19,11.22908333,575.0766667,0.140166667,0.641666667,0.1135,0.098666667,1.037333333,17.43933333,50.037,1,0.11,7.247
436,2019-07-30,B,20,11.02853333,577.83,0.1185,0.553333333,0.122,0.107833333,1.007,17.57366667,50.4195,1,0.11,7.22
437,2019-07-30,C,0,25.57238333,484.16,0.923666667,3.7985,2.427166667,2.5155,7.047833333,12.13166667,34.824,129.2116667,10.55183333,8.773166667
438,2019-07-30,C,1,25.57348333,484.29,0.884833333,3.6445,2.478166667,2.5675,6.735166667,12.08366667,34.68583333,129.9033333,10.60866667,8.79
439,2019-07-30,C,2,25.58488333,484.3916667,0.907166667,3.735666667,2.355666667,2.4395,6.975833333,12.132,34.82033333,129.6633333,10.5865,8.7855
440,2019-07-30,C,3,25.58893333,484.5166667,0.955,3.9275,2.111666667,2.185,7.461666667,12.212,35.0525,129.5616667,10.5765,8.78
441,2019-07-30,C,4,25.59013333,484.5,0.969166667,3.9835,2.058833333,2.131166667,7.1535,12.24016667,35.13533333,129.4066667,10.56716667,8.78
442,2019-07-30,C,5,25.58716667,484.59,0.9945,4.0855,2.222166667,2.300666667,6.863333333,12.249,35.16116667,129.4233333,10.5665,8.78
443,2019-07-30,C,6,25.58315,484.4733333,0.948333333,3.899666667,2.1055,2.178333333,6.933166667,12.23833333,35.12933333,129.765,10.59533333,8.78
444,2019-07-30,C,7,25.57923333,484.5283333,0.969,3.982,2.0945,2.167666667,6.691833333,12.2435,35.146,129.53,10.579,8.78
445,2019-07-30,C,8,25.12101667,489.1666667,0.854333333,3.522166667,0.822,0.8375,2.908333333,13.12416667,37.667,110.5566667,9.1,8.653833333
446,2019-07-30,C,9,18.42481667,553.3316667,0.114666667,0.537166667,0.050666667,0.0325,0.5045,16.50366667,47.3535,4.335,0.405833333,7.423
447,2019-07-30,C,10,15.8493,556.3,0.1005,0.482166667,0.064833333,0.046833333,0.404666667,16.51966667,47.39883333,2.351666667,0.232833333,7.423
448,2019-07-30,C,11,14.83611667,557.4866667,0.096333333,0.4625,0.092333333,0.077333333,0.433166667,16.30566667,46.7855,1.858333333,0.189,7.412
449,2019-07-30,C,12,14.25435,557.7716667,0.098166667,0.470666667,0.079833333,0.063666667,0.3985,16.27516667,46.69883333,1.631666667,0.168833333,7.402333333
450,2019-07-30,C,13,14.02776667,558.85,0.101833333,0.485666667,0.078166667,0.061333333,1.150333333,16.27966667,46.71166667,1.488333333,0.153166667,7.4
451,2019-07-30,C,14,13.5342,560.8983333,0.115833333,0.543166667,0.097333333,0.0815,2.681333333,16.30816667,46.79383333,1.33,0.137666667,7.4
452,2019-07-30,C,15,12.35443333,574.5433333,3.3035,13.40166667,6.219166667,6.474333333,461.6208333,10.94933333,31.43483333,1.296666667,0.137,7.213
453,2019-07-30,D,0,24.40938333,491.2683333,0.871833333,3.589333333,0.806833333,0.822666667,3.048333333,12.25516667,35.18083333,112.4833333,9.386,8.68
454,2019-07-30,D,1,24.41408333,491.3333333,0.8645,3.565166667,0.877,0.8955,3.0825,12.674,36.379,112.34,9.372333333,8.679666667
455,2019-07-30,D,2,24.41741667,491.35,0.845333333,3.485,0.7995,0.814833333,3.0495,12.71483333,36.494,112.0866667,9.351166667,8.68
456,2019-07-30,D,3,24.41625,491.4333333,0.843166667,3.479333333,0.908,0.927666667,3.003333333,12.704,36.46266667,112.0416667,9.346833333,8.680833333
457,2019-07-30,E,0,25.52818333,486.5466667,0.9845,4.047166667,1.650666667,1.703166667,6.849666667,11.94966667,34.3005,138.2083333,11.29683333,8.817666667
458,2019-07-30,E,1,25.51551667,486.51,1.060666667,4.352666667,2.326833333,2.4095,7.011333333,12.02666667,34.52266667,140.1516667,11.45866667,8.83
459,2019-07-30,E,2,25.37746667,486.7616667,1.061333333,4.358666667,2.1765,2.252166667,6.543166667,12.184,34.97216667,138.9133333,11.386,8.81
460,2019-07-30,E,3,25.1724,488.8666667,0.934333333,3.843833333,1.694833333,1.750333333,5.084666667,12.27216667,35.225,131.2233333,10.797,8.77
461,2019-07-30,E,4,25.05255,490.1983333,0.92,3.7875,1.476666667,1.521833333,5.042833333,12.34816667,35.44316667,126.83,10.45583333,8.733
462,2019-07-30,E,5,24.93038333,491.63,0.801166667,3.308333333,1.2515,1.286333333,3.9,12.53633333,35.98233333,118.59,9.8,8.697833333
463,2019-07-30,E,6,24.79016667,494.4066667,0.5285,2.205666667,0.678,0.687666667,2.605666667,12.8555,36.89833333,110.2316667,9.133,8.648833333
464,2019-07-30,E,7,23.3691,520.5083333,0.094166667,0.456,0.004333333,-0.0155,0.441166667,15.96466667,45.80816667,23.975,2.039,7.898666667
465,2019-07-30,E,8,22.0425,533.855,0.082833333,0.409666667,-0.0105,-0.031833333,0.482166667,16.57766667,47.56366667,7.138333333,0.622333333,7.6305
466,2019-07-30,E,9,19.18218333,551.8533333,0.094333333,0.455833333,0.023166667,0.003666667,0.437666667,16.631,47.71916667,2.345,0.216666667,7.457833333
467,2019-07-30,E,10,15.8567,555.7466667,0.088,0.429333333,0.059833333,0.043833333,0.320166667,16.49233333,47.32116667,1.588333333,0.157666667,7.407666667
468,2019-07-30,E,11,15.1823,556.2233333,0.0965,0.468166667,0.068666667,0.0515,0.345833333,16.52133333,47.40383333,1.421666667,0.143333333,7.41
469,2019-07-30,E,12,14.37246667,557.2416667,0.0915,0.446333333,0.0705,0.053666667,0.357,16.37416667,46.98083333,1.3,0.132166667,7.410833333
470,2019-07-30,E,13,14.05473333,558.6933333,0.087333333,0.427333333,0.078,0.062333333,0.7325,16.48233333,47.29166667,1.218333333,0.13,7.413666667
471,2019-07-30,E,14,12.96463333,563.675,0.106,0.500833333,0.114666667,0.099166667,5.430166667,16.45683333,47.21933333,1.1,0.12,7.3975
472,2019-07-30,E,15,12.2338,562.3666667,0.0965,0.466,0.0915,0.0755,0.6655,16.94016667,48.60683333,1.09,0.113333333,7.389333333
473,2019-07-30,E,16,12.01073333,563.57,0.1,0.480666667,0.103333333,0.088833333,0.7525,17.02016667,48.8345,1,0.11,7.371
474,2019-07-30,E,17,11.64565,568.5633333,0.109333333,0.515333333,0.092666667,0.077,1.1495,17.2045,49.3605,1,0.11,7.329666667
475,2019-07-30,E,18,11.32411667,629.545,0.124,0.574166667,0.570666667,0.575166667,17.16216667,-0.016166667,0.008166667,0.9,0.1,6.6815
476,2019-08-06,A,0,NA,NA,NA,NA,NA,NA,NA,NA,NA,NA,NA,NA
477,2019-08-06,A,1,NA,NA,NA,NA,NA,NA,NA,NA,NA,NA,NA,NA
478,2019-08-06,A,2,NA,NA,NA,NA,NA,NA,NA,NA,NA,NA,NA,NA
479,2019-08-06,B,0,26.06536667,503.52,0.246,1.065833333,1.505833333,1.551833333,6.621,11.8065,33.8905,127.825,10.346,8.755166667
480,2019-08-06,B,1,26.0762,503.8766667,0.243833333,1.059666667,1.386666667,1.427333333,6.8395,11.73266667,33.6805,129.0583333,10.44166667,8.81
481,2019-08-06,B,2,26.0758,503.905,0.256,1.110333333,1.330666667,1.368666667,6.638166667,11.75716667,33.75066667,128.9216667,10.43316667,8.8
482,2019-08-06,B,3,26.07646667,503.9933333,0.240833333,1.047333333,1.302166667,1.339166667,6.7575,11.75133333,33.735,128.6466667,10.41133333,8.797166667
483,2019-08-06,B,4,26.06735,504.365,0.258333333,1.119333333,1.2565,1.291833333,6.743666667,11.74316667,33.71233333,128.1966667,10.37433333,8.792333333
484,2019-08-06,B,5,26.05455,505.025,0.275333333,1.1855,1.223333333,1.2575,6.369333333,11.7955,33.861,126.955,10.27733333,8.78
485,2019-08-06,B,6,26.0176,506.1383333,0.284666667,1.223166667,1.264166667,1.3005,6.327666667,11.87133333,34.079,125.29,10.1495,8.77
486,2019-08-06,B,7,25.98133333,507.5066667,0.277166667,1.195,1.238333333,1.272833333,6.483666667,11.986,34.40633333,122.2483333,9.908666667,8.747166667
487,2019-08-06,B,8,25.26038333,523.1533333,0.1985,0.874333333,0.690166667,0.700666667,4.479666667,12.99833333,37.30633333,89.76666667,7.372,8.54
488,2019-08-06,B,9,22.28025,570.7966667,0.1,0.478833333,0.110666667,0.0955,1.461333333,15.51183333,44.51033333,11.21333333,0.971,7.628166667
489,2019-08-06,B,10,21.22095,577.47,0.096666667,0.465166667,0.068166667,0.051166667,1.394833333,15.96616667,45.81316667,4.533333333,0.402333333,7.523666667
490,2019-08-06,B,11,15.80331667,602.2833333,0.0965,0.464166667,0.092,0.0755,0.8755,16.10566667,46.21366667,1.751666667,0.172,7.328333333
491,2019-08-06,B,12,14.84488333,603.45,0.100333333,0.481333333,0.106833333,0.092166667,0.961,16.21533333,46.529,1.458333333,0.147166667,7.295166667
492,2019-08-06,B,13,14.15708333,604.2683333,0.091666667,0.445,0.107,0.090833333,0.795,16.24766667,46.618,1.3,0.133,7.280666667
493,2019-08-06,B,14,13.8159,605.0083333,0.101166667,0.481833333,0.1035,0.087666667,0.947833333,16.343,46.892,1.2,0.124666667,7.28
494,2019-08-06,B,15,12.47021667,610.595,0.108166667,0.510166667,0.109166667,0.095,0.823,17.13016667,49.148,1.1,0.115166667,7.242166667
495,2019-08-06,B,16,11.6538,619.88,0.121666667,0.565333333,0.109833333,0.094666667,0.819166667,17.43116667,50.0135,1,0.11,7.169833333
496,2019-08-06,B,17,11.59645,622.0833333,0.121166667,0.5675,0.116333333,0.101,0.804,17.513,50.24666667,1,0.11,7.18
497,2019-08-06,B,18,11.56341667,622.51,0.119333333,0.557333333,0.110666667,0.095,0.819666667,17.55683333,50.37516667,1,0.1,7.18
498,2019-08-06,B,19,11.53065,622.3583333,0.123833333,0.5755,0.121,0.105,0.838333333,17.55483333,50.365,0.9,0.1,7.19
499,2019-08-06,B,20,11.41103333,678.0183333,2.643166667,10.73833333,7.469333333,7.781333333,192.2215,1.152833333,3.3605,0.9,0.1,6.797166667
500,2019-08-06,D,0,25.30047424,306.4701515,0.790409091,3.263287879,1.018924242,1.043742424,8.044939394,9.193651515,26.40398485,106.1065152,8.705454545,8.042984848
501,2019-08-06,D,1,26.07991667,510.77,1.236333333,5.065,1.535333333,1.582166667,8.164833333,15.618,44.81733333,111.9316667,9.056,8.69
502,2019-08-06,D,2,26.0791,510.8816667,1.288166667,5.272666667,1.483,1.529,8.2505,15.59583333,44.751,111.4633333,9.019166667,8.69
503,2019-08-06,E,0,NA,NA,NA,NA,NA,NA,NA,NA,NA,NA,NA,NA
504,2019-08-06,E,1,NA,NA,NA,NA,NA,NA,NA,NA,NA,NA,NA,NA
505,2019-08-06,E,2,NA,NA,NA,NA,NA,NA,NA,NA,NA,NA,NA,NA
506,2019-08-06,E,3,NA,NA,NA,NA,NA,NA,NA,NA,NA,NA,NA,NA
507,2019-08-06,E,4,NA,NA,NA,NA,NA,NA,NA,NA,NA,NA,NA,NA
508,2019-08-06,E,5,NA,NA,NA,NA,NA,NA,NA,NA,NA,NA,NA,NA
509,2019-08-06,E,6,NA,NA,NA,NA,NA,NA,NA,NA,NA,NA,NA,NA
510,2019-08-06,E,7,NA,NA,NA,NA,NA,NA,NA,NA,NA,NA,NA,NA
511,2019-08-06,E,8,NA,NA,NA,NA,NA,NA,NA,NA,NA,NA,NA,NA
512,2019-08-06,E,9,NA,NA,NA,NA,NA,NA,NA,NA,NA,NA,NA,NA
513,2019-08-06,E,10,NA,NA,NA,NA,NA,NA,NA,NA,NA,NA,NA,NA
514,2019-08-06,E,11,NA,NA,NA,NA,NA,NA,NA,NA,NA,NA,NA,NA
515,2019-08-06,E,12,NA,NA,NA,NA,NA,NA,NA,NA,NA,NA,NA,NA
516,2019-08-06,E,13,NA,NA,NA,NA,NA,NA,NA,NA,NA,NA,NA,NA
517,2019-08-06,E,14,NA,NA,NA,NA,NA,NA,NA,NA,NA,NA,NA,NA
518,2019-08-06,E,15,NA,NA,NA,NA,NA,NA,NA,NA,NA,NA,NA,NA
519,2019-08-06,E,16,NA,NA,NA,NA,NA,NA,NA,NA,NA,NA,NA,NA
520,2019-08-06,E,17,NA,NA,NA,NA,NA,NA,NA,NA,NA,NA,NA,NA
521,2019-08-09,A,0,26.86831667,504.3133333,0.3145,1.344666667,0.858166667,0.876333333,6.218166667,10.94,31.409,119.96,9.5695,8.805666667
522,2019-08-09,A,1,26.705,503.9466667,0.461666667,1.936666667,1.034166667,1.06,6.228833333,10.94233333,31.41516667,121.6183333,9.730666667,8.826666667
523,2019-08-09,A,2,26.40353333,502.795,0.499,2.088666667,1.456,1.5005,7.428833333,11.45,32.8705,126.9083333,10.20833333,8.859833333
524,2019-08-09,C,0,26.56298333,504.405,0.206166667,0.908,0.945166667,0.967166667,6.8425,10.68283333,30.67166667,128.615,10.315,8.818166667
525,2019-08-09,C,1,26.53335,504.25,0.248166667,1.078666667,1.4615,1.506666667,6.903,10.73583333,30.82216667,129.5533333,10.39733333,8.832666667
526,2019-08-09,C,2,26.46456667,503.4566667,0.2695,1.164,1.627333333,1.678666667,7.090166667,10.84733333,31.144,131.805,10.59166667,8.85
527,2019-08-09,C,3,25.87936667,503.455,0.341,1.449166667,2.029166667,2.099333333,8.897333333,11.36933333,32.63866667,118.21,9.599666667,8.794666667
528,2019-08-09,C,4,25.74821667,505.3483333,0.344,1.464666667,1.66,1.713666667,7.496,11.521,33.075,108.6533333,8.845333333,8.742333333
529,2019-08-09,C,5,25.60848333,508.525,0.364666667,1.546333333,1.544333333,1.592833333,7.426,11.71466667,33.629,109.19,8.9115,8.739
530,2019-08-09,C,6,25.54225,510.09,0.3815,1.616166667,1.444333333,1.488333333,6.838833333,11.93983333,34.2765,104.96,8.576166667,8.709333333
531,2019-08-09,C,7,24.74871667,526.71,0.279333333,1.202166667,0.4805,0.480833333,3.2595,13.003,37.32083333,74.57833333,6.1825,8.46
532,2019-08-09,C,8,21.29575,578.2883333,0.122333333,0.5705,0.1,0.083333333,1.500166667,15.42083333,44.25133333,4.613333333,0.409,7.535166667
533,2019-08-09,C,9,19.34225,592.7066667,0.096,0.462,0.083666667,0.067666667,1.171833333,16.00583333,45.92883333,2.181666667,0.1995,7.43
534,2019-08-09,C,10,16.94745,600.7383333,0.089333333,0.436166667,0.087666667,0.0705,1.108333333,16.01383333,45.9515,1.723333333,0.168833333,7.373166667
535,2019-08-09,C,11,15.1469,603.8783333,0.081833333,0.406,0.074,0.056666667,0.684666667,16.19833333,46.47933333,1.5,0.15,7.3525
536,2019-08-09,C,12,14.05668333,605.6883333,0.073166667,0.370333333,0.07,0.052833333,0.6585,16.45983333,47.22783333,1.386666667,0.14,7.36
537,2019-08-09,C,13,13.25675,610.285,0.095,0.4615,0.097,0.080833333,1.722333333,16.887,48.45183333,1.3,0.13,7.322
538,2019-08-09,C,14,12.98003333,611.3666667,0.104,0.495666667,0.099666667,0.084,1.514333333,17.04933333,48.92033333,1.2,0.129166667,7.31
539,2019-08-09,C,15,12.47381667,612.5166667,0.102666667,0.4885,0.0965,0.081333333,0.943333333,17.2565,49.51116667,1.191666667,0.12,7.2915
540,2019-08-13,A,0,25.52891667,495.4133333,0.282166667,1.213,1.568166667,1.6165,7.361833333,11.011,31.613,111.4266667,9.107833333,8.7995
541,2019-08-13,A,1,25.43986667,495.6916667,0.324,1.3825,1.967333333,2.035666667,7.102833333,11.05483333,31.73866667,111.4533333,9.125,8.82
542,2019-08-13,A,2,25.08498333,495.1983333,0.586166667,2.440666667,2.311166667,2.393833333,9.783,11.4915,32.9885,116.3333333,9.585833333,8.845166667
543,2019-08-13,B,0,25.72873333,492.2766667,0.644833333,2.6745,1.3245,1.362833333,7.553666667,10.96216667,31.47166667,125.6,10.228,8.89
544,2019-08-13,B,1,25.4684,492.0216667,0.5055,2.113333333,1.271,1.306833333,8.245666667,11.30216667,32.445,125.87,10.29883333,8.889666667
545,2019-08-13,B,2,25.13598333,492.9616667,0.3075,1.3155,1.892333333,1.957666667,7.509833333,11.73016667,33.67033333,113.4583333,9.340833333,8.831333333
546,2019-08-13,B,3,25.08966667,493.9983333,0.2985,1.281166667,1.752333333,1.809666667,7.462833333,11.7995,33.86933333,107.3766667,8.8475,8.8
547,2019-08-13,B,4,24.91385,497.6016667,0.307166667,1.313666667,1.586166667,1.636,6.689166667,11.88766667,34.1245,102.1766667,8.446333333,8.76
548,2019-08-13,B,5,24.82711667,498.4383333,0.295333333,1.269833333,1.399,1.441666667,6.390833333,11.83283333,33.969,107.065,8.865666667,8.78
549,2019-08-13,B,6,24.56245,514.6616667,0.171,0.7645,0.2215,0.211,1.608333333,12.841,36.85816667,77.64833333,6.461,8.526
550,2019-08-13,B,7,24.13433333,529.43,0.1245,0.579166667,0.0735,0.057166667,0.937333333,13.51416667,38.787,49.115,4.117166667,8.26
551,2019-08-13,B,8,23.58041667,540.0733333,0.1105,0.522,0.037,0.018166667,0.784833333,14.05816667,40.34416667,25.52166667,2.1595,7.9795
552,2019-08-13,B,9,19.63813333,577.3816667,0.096,0.462833333,0.0455,0.027666667,0.7155,15.76383333,45.23233333,2.908333333,0.266,7.563333333
553,2019-08-13,B,10,16.92295,587.4816667,0.075333333,0.382666667,0.075166667,0.058166667,0.647333333,15.95983333,45.79483333,1.878333333,0.181166667,7.4535
554,2019-08-13,B,11,15.66868333,589.2933333,0.084666667,0.4175,0.064,0.046333333,0.631166667,16.13966667,46.3115,1.575,0.1565,7.438333333
555,2019-08-13,B,12,14.38748333,590.7666667,0.0895,0.434166667,0.084666667,0.068666667,0.6165,16.42916667,47.14066667,1.4,0.142333333,7.433833333
556,2019-08-13,B,13,13.54605,592.6033333,0.0965,0.4635,0.096,0.0805,0.479,16.91483333,48.53116667,1.3,0.137333333,7.43
557,2019-08-13,B,14,12.65173333,597.265,0.108333333,0.5125,0.104666667,0.0885,0.703666667,17.3335,49.7305,1.2,0.13,7.404166667
558,2019-08-13,B,15,12.11871667,598.9183333,0.094666667,0.458833333,0.112,0.096333333,0.691,17.53366667,50.30766667,1.163333333,0.1215,7.411666667
559,2019-08-13,B,16,11.71691667,604.76,0.107166667,0.5055,0.1115,0.0965,0.775333333,17.61866667,50.55116667,1.1,0.12,7.361833333
560,2019-08-13,B,17,11.57228333,608.97,0.115166667,0.541333333,0.108333333,0.0935,0.878,17.73966667,50.89583333,1.1,0.12,7.330833333
561,2019-08-13,B,18,11.43925,609.6516667,0.116333333,0.544166667,0.1195,0.105166667,0.7525,17.79683333,51.05916667,1.088333333,0.115833333,7.32
562,2019-08-13,B,19,11.0255,617.9866667,4.698,19.02183333,15.19,15.84433333,169.0886667,13.20483333,37.899,1,0.11,7.260333333
563,2019-08-13,D,0,25.94616667,491.865,0.545166667,2.2755,1.882833333,1.946166667,9.670166667,10.98466667,31.537,147.4,11.956,8.993
564,2019-08-13,D,1,25.49386667,491.375,0.643833333,2.672166667,2.449166667,2.538,11.13366667,11.73116667,33.67583333,148.935,12.18166667,8.97
565,2019-08-13,D,2,24.90463333,506.1433333,2.1345,8.683,2.4365,2.524166667,10.69716667,14.7015,42.1895,139.62,11.5425,8.820333333
566,2019-08-14,C,0,25.46853333,490.0316667,1.728333333,7.047333333,1.776666667,1.8355,8.2415,10.69733333,30.71333333,128.6516667,10.52666667,8.956666667
567,2019-08-14,C,1,25.46416667,490.1466667,1.2455,5.0985,1.8245,1.885333333,8.021833333,10.70733333,30.74216667,128.5516667,10.519,8.959666667
568,2019-08-14,C,2,25.45201667,490.2416667,1.360333333,5.562666667,1.709666667,1.7655,8.028833333,10.70966667,30.74566667,128.4466667,10.51366667,8.959333333
569,2019-08-14,C,3,25.13816667,494.0766667,0.3765,1.594166667,1.381,1.421666667,7.264833333,11.4265,32.80316667,109.145,8.984833333,8.858166667
570,2019-08-14,C,4,25.03351667,497.2933333,0.2655,1.148666667,1.015333333,1.041,5.6475,11.7825,33.82266667,100.1833333,8.263666667,8.7955
571,2019-08-14,C,5,24.68211667,508.0916667,0.187166667,0.831666667,0.386166667,0.382833333,2.588833333,12.6235,36.23466667,80.06,6.646333333,8.62
572,2019-08-14,C,6,24.55875,512.4866667,0.164833333,0.7425,0.245,0.236166667,1.782666667,12.849,36.88116667,74.87333333,6.229166667,8.560333333
573,2019-08-14,C,7,24.39185,519.7533333,0.1365,0.627166667,0.145666667,0.1315,1.377833333,13.219,37.937,64.37,5.371833333,8.45
574,2019-08-14,C,8,23.32195,536.93,0.132333333,0.609833333,0.085666667,0.069666667,1.204833333,14.15683333,40.62816667,31.39333333,2.672666667,8.094166667
575,2019-08-14,C,9,20.11198333,574.1033333,0.094166667,0.453333333,0.039,0.020333333,0.724,15.7405,45.16566667,2.61,0.236833333,7.600833333
576,2019-08-14,C,10,17.12003333,587.1016667,0.0865,0.423666667,0.063666667,0.048,0.585,15.9145,45.66783333,1.801666667,0.172333333,7.494166667
577,2019-08-14,C,11,15.63901667,589.0916667,0.086,0.422666667,0.067666667,0.0505,0.547166667,16.094,46.17966667,1.56,0.1555,7.473
578,2019-08-14,C,12,14.89928333,590.5983333,0.090666667,0.438666667,0.088,0.0715,0.483166667,16.348,46.9075,1.4,0.14,7.46
579,2019-08-14,C,13,13.84595,598.6633333,0.112166667,0.525,0.1185,0.104,1.122166667,16.90583333,48.50566667,1.3,0.13,7.41
580,2019-08-14,C,14,13.18153333,631.56,0.962333333,3.956,1.667833333,1.721333333,60.7895,0.9795,2.861666667,1.243333333,0.128166667,7.095333333
581,2019-08-15,E,0,25.74861667,500.115,0.236333333,1.030666667,1.2895,1.326666667,8.660833333,10.5185,30.20066667,117.4433333,9.561833333,8.8
582,2019-08-15,E,1,25.15491667,498.6383333,1.111666667,4.557833333,1.588333333,1.638333333,7.5415,10.95316667,31.444,125.01,10.28783333,8.843166667
583,2019-08-15,E,2,24.80228333,496.1116667,0.9905,4.070333333,2.171166667,2.246833333,8.874333333,11.27933333,32.3805,134.5533333,11.14466667,8.9
584,2019-08-15,E,3,24.66733333,496.18,0.662833333,2.748,2.065666667,2.136333333,9.4695,11.6165,33.34716667,126.5933333,10.51133333,8.86
585,2019-08-15,E,4,24.54485,497.19,0.618,2.566166667,1.971166667,2.037833333,9.217333333,11.71516667,33.62816667,124.3933333,10.35216667,8.86
586,2019-08-15,E,5,24.46418333,498.25,0.561166667,2.338166667,2.006666667,2.0755,8.542166667,11.80183333,33.87933333,116.8983333,9.7435,8.83
587,2019-08-15,E,6,24.41371667,498.88,0.4585,1.926833333,1.793666667,1.852166667,7.990833333,11.84216667,33.99333333,111.1516667,9.2735,8.8
588,2019-08-15,E,7,24.36551667,499.9733333,0.364833333,1.544666667,1.6785,1.7335,7.290333333,12.00733333,34.4665,103.66,8.656,8.77
589,2019-08-15,E,8,24.34595,500.6316667,0.289333333,1.241333333,1.353166667,1.392166667,5.938833333,12.118,34.78483333,100.5766667,8.400333333,8.75
590,2019-08-15,E,9,18.21965,584.33,0.103166667,0.492166667,0.085166667,0.067666667,0.851833333,15.75566667,45.21183333,3.951666667,0.372,7.521666667
591,2019-08-15,E,10,16.637,587.9566667,0.101833333,0.487833333,0.083166667,0.067333333,0.693333333,15.99466667,45.89533333,2.38,0.231,7.4665
592,2019-08-15,E,11,14.89238333,590.3083333,0.087,0.424833333,0.1005,0.085,0.6545,16.236,46.58916667,1.893333333,0.191,7.4545
593,2019-08-15,E,12,13.58273333,594.5466667,0.105166667,0.494666667,0.097,0.0805,0.774833333,16.971,48.69683333,1.651666667,0.17,7.435833333
594,2019-08-15,E,13,13.03876667,596.38,0.097166667,0.466666667,0.120666667,0.105,0.903,17.19166667,49.32683333,1.5,0.157833333,7.41
595,2019-08-15,E,14,12.7093,597.5333333,0.105833333,0.500333333,0.114333333,0.099,0.903666667,17.38516667,49.87966667,1.4,0.15,7.393166667
596,2019-08-15,E,15,12.0821,606.1433333,0.123333333,0.5755,0.127166667,0.113,0.763333333,17.6035,50.504,1.3,0.14,7.341333333
597,2019-08-15,E,16,11.75233333,610.9866667,0.115333333,0.540166667,0.135833333,0.122333333,0.775333333,17.758,50.94616667,1.2,0.13,7.32
598,2019-08-21,A,0,25.27436667,496.7983333,0.441166667,1.853666667,1.569333333,1.6185,8.687833333,11.08966667,31.83866667,138.3433333,11.36116667,8.982166667
599,2019-08-21,A,1,25.27778333,496.9066667,0.444166667,1.866666667,1.666833333,1.721,8.818333333,11.11516667,31.90883333,138.5816667,11.37833333,8.97
600,2019-08-21,A,2,24.8607,501.535,0.530333333,2.2145,1.747333333,1.804666667,9.5365,12.21166667,35.0535,109.7366667,9.079666667,8.806333333
601,2019-08-21,B,0,24.5319,497.3783333,0.559333333,2.333666667,1.7045,1.76,9.582166667,11.4055,32.74233333,119.7,9.963833333,8.88
602,2019-08-21,B,1,24.45785,497.285,0.681166667,2.820666667,2.329666667,2.4125,9.427166667,11.54466667,33.141,119.72,9.981,8.88
603,2019-08-21,B,2,24.40455,497.5733333,0.518333333,2.169,2.022333333,2.092166667,9.127,11.68533333,33.545,116.9733333,9.759833333,8.870833333
604,2019-08-21,B,3,24.39931667,497.68,0.504,2.107833333,1.945666667,2.012666667,9.156666667,11.69666667,33.57633333,116.2183333,9.699,8.874166667
605,2019-08-21,B,4,24.38915,497.9,0.522,2.1815,1.848,1.9085,9.0615,11.72433333,33.65666667,114.9616667,9.595666667,8.87
606,2019-08-21,B,5,24.37985,498.0983333,0.461833333,1.9395,1.838,1.899166667,8.985333333,11.73683333,33.69333333,114.2083333,9.534333333,8.87
607,2019-08-21,B,6,24.30491667,499.295,0.371833333,1.576,1.569666667,1.618833333,7.746166667,11.88416667,34.11666667,108.5583333,9.076,8.833833333
608,2019-08-21,B,7,23.8438,506.0333333,0.245333333,1.0665,0.641166667,0.648833333,3.131833333,12.3625,35.48233333,82.28833333,6.937833333,8.656
609,2019-08-21,B,8,23.7879,506.27,0.175666667,0.784,0.341333333,0.336,1.871833333,12.39116667,35.56916667,81.87333333,6.9105,8.65
610,2019-08-21,B,9,21.11415,552.7433333,0.114666667,0.537166667,0.1425,0.128,1.048833333,14.40216667,41.33066667,18.72666667,1.663,7.837833333
611,2019-08-21,B,10,16.9639,588.4416667,0.093666667,0.452166667,0.0945,0.079166667,0.803,15.804,45.349,2.525,0.243666667,7.499333333
612,2019-08-21,B,11,15.75433333,589.6483333,0.107833333,0.5085,0.118666667,0.1035,0.655333333,16.04983333,46.04966667,1.946666667,0.193666667,7.472333333
613,2019-08-21,B,12,14.24118333,593.3066667,0.121166667,0.564666667,0.1285,0.114,1.4225,16.8175,48.25433333,1.673333333,0.1725,7.4545
614,2019-08-21,B,13,13.70413333,594.9416667,0.104333333,0.493666667,0.117,0.101833333,0.759166667,17.03716667,48.88233333,1.546666667,0.160833333,7.43
615,2019-08-21,B,14,13.144,597.7583333,0.1115,0.524666667,0.1135,0.098833333,0.773666667,17.26566667,49.537,1.41,0.15,7.4
616,2019-08-21,B,15,12.62985,598.9266667,0.108833333,0.515,0.117333333,0.103333333,0.580666667,17.47966667,50.152,1.3,0.14,7.39
617,2019-08-21,B,16,12.21281667,601.2533333,0.120666667,0.563666667,0.096333333,0.080833333,0.515333333,17.547,50.34216667,1.3,0.14,7.365666667
618,2019-08-21,B,17,11.65431667,606.7516667,0.097333333,0.471166667,0.095166667,0.079,0.570333333,17.72883333,50.86583333,1.255,0.136166667,7.3605
619,2019-08-21,B,18,11.42235,610.75,0.107833333,0.5115,0.104166667,0.089,0.5545,17.86733333,51.26133333,1.2,0.13,7.35
620,2019-08-21,B,19,11.32563333,613.8216667,0.112166667,0.527833333,0.1125,0.097166667,0.600666667,17.9505,51.50066667,1.141666667,0.125166667,7.34
621,2019-08-21,B,20,11.2188,615.3816667,0.1075,0.5105,0.1225,0.108833333,0.614,18.00033333,51.64116667,1.1,0.12,7.34
622,2019-08-21,C,0,24.60495,497.5466667,0.3765,1.591,1.4625,1.507,9.782666667,11.30083333,32.4445,123.12,10.23566667,8.903166667
623,2019-08-21,C,1,24.57315,497.55,0.466833333,1.958666667,2.033,2.103,9.627,11.41666667,32.774,123.64,10.28383333,8.89
624,2019-08-21,C,2,24.53661667,497.6066667,0.439833333,1.848166667,2.238166667,2.317333333,9.7325,11.51583333,33.06016667,122.79,10.22133333,8.89
625,2019-08-21,C,3,24.50865,497.8366667,0.441166667,1.853666667,2.047833333,2.118666667,9.697,11.574,33.223,121.9033333,10.1515,8.89
626,2019-08-21,C,4,24.50955,497.885,0.441,1.853333333,1.947833333,2.0135,9.689166667,11.581,33.245,121.5466667,10.12216667,8.889166667
627,2019-08-21,C,5,24.49598333,498.275,0.438666667,1.8455,1.9165,1.981,9.287166667,11.607,33.32116667,120.37,10.02633333,8.88
628,2019-08-21,C,6,24.24103333,501.44,0.434,1.824333333,1.742333333,1.7985,8.183166667,12.03,34.53283333,108.375,9.070166667,8.802333333
629,2019-08-21,C,7,24.04438333,501.8533333,0.3295,1.403333333,1.5025,1.549333333,6.984833333,12.14683333,34.868,100.0166667,8.401833333,8.771
630,2019-08-21,C,8,23.93735,503.8266667,0.240333333,1.044666667,0.8035,0.8185,3.852,12.37216667,35.51333333,88.64166667,7.461333333,8.706666667
631,2019-08-21,C,9,23.80275,505.82,0.1915,0.847833333,0.448666667,0.447666667,2.6205,12.51933333,35.93366667,80.66333333,6.807,8.65
632,2019-08-21,C,10,19.41906667,575.8616667,0.1015,0.486666667,0.104833333,0.090666667,1.118666667,15.24966667,43.75983333,3.775,0.346333333,7.5905
633,2019-08-21,C,11,15.19875,591.9883333,0.0995,0.474166667,0.096666667,0.080333333,1.0265,16.31933333,46.82533333,2.288333333,0.229166667,7.505
634,2019-08-21,C,12,13.7505,598.1433333,0.114,0.535833333,0.122666667,0.106333333,1.035,17.095,49.04816667,1.853333333,0.192333333,7.424333333
635,2019-08-21,C,13,13.19238333,598.1466667,0.100833333,0.480333333,0.112833333,0.097666667,0.748,17.27683333,49.568,1.663333333,0.173833333,7.421
636,2019-08-21,C,14,12.62913333,604.1716667,0.110833333,0.522333333,0.140333333,0.125666667,1.126,17.51416667,50.2495,1.53,0.1625,7.38
637,2019-08-21,D,0,25.28546667,504.4883333,1.6775,6.843333333,2.095,2.166833333,12.15916667,13.32983333,38.2575,151.3433333,12.42466667,8.95
638,2019-08-21,D,1,24.96056667,503.47,1.853,7.548333333,2.542,2.635,11.47533333,13.27116667,38.0885,139.7983333,11.544,8.942833333
639,2019-08-21,D,2,24.41495,250.485,0.342,1.4535,0.888333333,0.908333333,6.063833333,6.2205,17.88366667,93.8,7.832,8.7775
640,2019-08-21,E,0,24.85745,482.1033333,0.516,2.155833333,1.900333333,1.963833333,11.1675,11.26383333,32.33683333,129.095,10.68166667,8.921166667
641,2019-08-21,E,1,24.834,496.275,0.545333333,2.275833333,2.429,2.516,11.01516667,11.50183333,33.01983333,129.2366667,10.69866667,8.92
642,2019-08-21,E,2,24.83098333,496.36,0.52,2.171166667,2.407,2.492,10.9405,11.50883333,33.0385,129.1166667,10.68866667,8.92
643,2019-08-21,E,3,24.75101667,496.69,0.474833333,1.989166667,2.191166667,2.268166667,10.52666667,11.6385,33.40933333,126.39,10.4785,8.908166667
644,2019-08-21,E,4,24.35591667,500.385,0.342166667,1.455,1.766166667,1.824333333,8.855666667,12.21233333,35.05216667,103.1366667,8.6135,8.8005
645,2019-08-21,E,5,24.18251667,502.2166667,0.288333333,1.238166667,1.1395,1.1695,6.1265,12.4535,35.74766667,94.715,7.936166667,8.76
646,2019-08-21,E,6,24.08013333,505.045,0.299166667,1.283666667,1.161,1.191666667,5.519,12.61483333,36.20833333,86.615,7.271333333,8.7
647,2019-08-21,E,7,24.00846667,504.825,0.201333333,0.887,0.477166667,0.477666667,2.573333333,12.75383333,36.60733333,84.18333333,7.076666667,8.7
648,2019-08-21,E,8,23.73963333,511.165,0.161833333,0.729666667,0.302333333,0.295166667,1.622,13.00716667,37.33383333,72.79666667,6.150333333,8.59
649,2019-08-21,E,9,19.48855,573.67,0.1025,0.490333333,0.088166667,0.072166667,0.969,15.2885,43.87183333,4.636666667,0.425,7.625666667
650,2019-08-21,E,10,15.77965,589.925,0.0995,0.4755,0.102666667,0.086666667,0.7275,16.01766667,45.961,2.096666667,0.207833333,7.523666667
651,2019-08-21,E,11,14.32458333,594.5416667,0.1085,0.513333333,0.123,0.1085,2.002,16.74633333,48.04833333,1.76,0.1785,7.488333333
652,2019-08-21,E,12,13.67675,596.48,0.111,0.522666667,0.125,0.110833333,1.0545,17.03816667,48.88766667,1.581666667,0.164333333,7.46
653,2019-08-21,E,13,13.30703333,598,0.109333333,0.5175,0.113,0.097333333,0.843166667,17.21583333,49.396,1.471666667,0.15,7.44
654,2019-08-21,E,14,13.03313333,598.31,0.1085,0.5135,0.115166667,0.0985,0.626166667,17.34833333,49.77283333,1.4,0.142666667,7.433333333
655,2019-08-21,E,15,12.83835,601.165,0.108833333,0.515166667,0.123166667,0.108666667,0.719333333,17.44933333,50.0625,1.3,0.14,7.400833333
656,2019-08-21,E,16,12.47873333,604.1766667,0.111833333,0.526833333,0.141166667,0.1265,0.718166667,17.569,50.405,1.236666667,0.131166667,7.37
657,2019-09-05,A,0,26.46523333,3.8,0.0035,0.089333333,0.110666667,0.095666667,0.592666667,-0.216166667,-0.564666667,94.36,7.592166667,5.8745
658,2019-09-05,A,1,26.57755,3.883333333,0.001666667,0.0795,0.103333333,0.0875,0.648666667,-0.204666667,-0.529,94.59333333,7.592666667,5.890666667
659,2019-09-05,A,2,23.43308333,157.9333333,0.114,0.536333333,0.3625,0.358,2.103666667,2.883166667,8.3165,99.32333333,8.454666667,6.7055
660,2019-09-05,B,0,22.21605,527.0616667,0.484666667,2.0285,0.965333333,0.988,5.925833333,11.23683333,32.26066667,124.675,10.84133333,8.5885
661,2019-09-05,B,1,22.11406667,526.775,0.822333333,3.3925,1.243833333,1.279333333,6.104166667,11.3835,32.67916667,126.47,11.018,8.605
662,2019-09-05,B,2,21.67078333,526.635,0.789333333,3.259,1.7955,1.854333333,6.223333333,11.752,33.7345,122.72,10.78366667,8.6
663,2019-09-05,B,3,21.19651667,528.6783333,0.601333333,2.497333333,1.707166667,1.762833333,6.371,12.206,35.03633333,101.52,9.0025,8.4995
664,2019-09-05,B,4,21.14218333,529.4716667,0.416833333,1.758333333,1.546333333,1.594833333,5.429,12.28166667,35.25316667,95.76166667,8.501666667,8.474
665,2019-09-05,B,5,21.13688333,529.6766667,0.410333333,1.730333333,1.406166667,1.448666667,5.236333333,12.30133333,35.3105,94.92333333,8.4275,8.48
666,2019-09-05,B,6,21.1272,529.8866667,0.364166667,1.545166667,1.189333333,1.221833333,5.246333333,12.32316667,35.375,93.46666667,8.298166667,8.47
667,2019-09-05,B,7,21.1127,529.8116667,0.366166667,1.554333333,1.215166667,1.250333333,5.281666667,12.32216667,35.36783333,93.13833333,8.273666667,8.47
668,2019-09-05,B,8,21.10136667,529.7633333,0.364,1.546,1.2675,1.303666667,5.599,12.31916667,35.36133333,93.5,8.3085,8.47
669,2019-09-05,B,9,21.0882,530,0.353333333,1.503,1.260166667,1.294666667,5.403166667,12.35666667,35.46883333,91.9,8.17,8.46
670,2019-09-05,B,10,21.06708333,530.2533333,0.272833333,1.177666667,0.744,0.757666667,3.187666667,12.4575,35.7575,90.6,8.051,8.45
671,2019-09-05,B,11,17.59608333,594.285,0.166666667,0.747166667,0.194333333,0.183833333,3.355166667,15.616,44.80816667,4.036666667,0.384666667,7.353333333
672,2019-09-05,B,12,14.91878333,613.085,0.100833333,0.4825,0.119,0.104166667,0.615166667,16.93266667,48.5845,2.418333333,0.243666667,7.2095
673,2019-09-05,B,13,14.21543333,617.1783333,0.1165,0.543333333,0.141333333,0.126833333,0.568166667,17.30866667,49.66,2,0.203333333,7.163833333
674,2019-09-05,B,14,13.04775,621.3916667,0.094,0.4575,0.091166667,0.0755,0.388833333,17.65183333,50.644,1.753333333,0.182,7.125333333
675,2019-09-05,B,15,12.34565,628.8183333,0.097166667,0.466833333,0.105,0.090333333,0.4105,17.97133333,51.5575,1.6,0.17,7.06
676,2019-09-05,B,16,12.14543333,630.4133333,0.091833333,0.444333333,0.107666667,0.091666667,0.369833333,17.9975,51.63483333,1.5,0.16,7.05
677,2019-09-05,B,17,11.7457,636.9416667,0.0945,0.454666667,0.118,0.102833333,0.44,18.18466667,52.16883333,1.4,0.15,7.01
678,2019-09-05,B,18,11.43141667,641.77,0.098166667,0.4705,0.099,0.0825,0.447666667,18.34466667,52.63033333,1.3,0.15,6.982166667
679,2019-09-05,B,19,11.26673333,644.445,0.101666667,0.485833333,0.1075,0.0915,0.516333333,18.43633333,52.89166667,1.3,0.14,6.97
680,2019-09-11,A,0,20.75725,517.505,0.341833333,1.452666667,0.974666667,0.998166667,3.748,12.932,37.11766667,89.89833333,8.041166667,8.544333333
681,2019-09-11,A,1,20.72688333,517.8083333,0.279666667,1.2045,0.679666667,0.6895,3.098,13.26266667,38.06633333,84.92,7.600666667,8.51
682,2019-09-11,A,2,20.66961667,518.8533333,0.251166667,1.088333333,0.466166667,0.467,2.772,14.032,40.26833333,69.625,6.241,8.38
683,2019-09-11,B,0,20.63911667,517.92,0.458833333,1.926833333,2.058,2.129333333,7.238,12.44433333,35.72016667,96.26,8.631166667,8.545333333
684,2019-09-11,B,1,20.63678333,517.9583333,0.4385,1.8425,1.8925,1.9555,6.868833333,12.47666667,35.81416667,96.52,8.654666667,8.5405
685,2019-09-11,B,2,20.64136667,518.0716667,0.491666667,2.056833333,1.7925,1.851333333,7.038333333,12.49633333,35.8695,96.38833333,8.64,8.550666667
686,2019-09-11,B,3,20.61946667,518.2216667,0.4405,1.8545,1.525666667,1.5735,5.744,12.5295,35.96333333,95.62166667,8.575833333,8.56
687,2019-09-11,B,4,20.54953333,518.6566667,0.4025,1.697166667,1.201833333,1.235,4.247833333,12.62533333,36.23833333,92.51333333,8.308833333,8.55
688,2019-09-11,B,5,20.42283333,518.935,0.305,1.306666667,0.808166667,0.822666667,3.362166667,12.80216667,36.7465,87.91,7.912833333,8.53
689,2019-09-11,B,6,20.24386667,519.4466667,0.211333333,0.929166667,0.468333333,0.468666667,2.076,13.1295,37.68216667,81.065,7.326,8.49
690,2019-09-11,B,7,20.22248333,519.395,0.2125,0.934166667,0.412333333,0.411166667,1.913833333,13.15316667,37.7515,80.65833333,7.292333333,8.49
691,2019-09-11,B,8,20.21071667,519.4783333,0.22,0.960666667,0.358,0.353166667,1.808,13.21283333,37.92283333,80.05,7.237666667,8.49
692,2019-09-11,B,9,20.18931667,519.8283333,0.177333333,0.791666667,0.316,0.310333333,1.589,13.19783333,37.87883333,79.185,7.164833333,8.49
693,2019-09-11,B,10,19.98578333,524.7866667,0.163333333,0.734,0.151833333,0.1385,1.171333333,13.81233333,39.6405,68.20333333,6.193666667,8.397166667
694,2019-09-11,B,11,17.85965,572.84,0.1385,0.635166667,0.107166667,0.091833333,1.510666667,15.7785,45.27566667,5.173333333,0.489,7.552833333
695,2019-09-11,B,12,15.15965,598.8216667,0.1125,0.5285,0.115,0.0995,0.608333333,17.08716667,49.02683333,2.386666667,0.240666667,7.364166667
696,2019-09-11,B,13,13.19193333,606.705,0.097666667,0.4695,0.112,0.097166667,0.339166667,17.77883333,51.01033333,1.856666667,0.194333333,7.277
697,2019-09-11,B,14,12.54765,610.2383333,0.0975,0.467833333,0.1085,0.0935,0.318333333,18.02366667,51.70833333,1.7,0.181833333,7.227
698,2019-09-11,B,15,12.24481667,612.72,0.101833333,0.484,0.095333333,0.079333333,0.427166667,18.13516667,52.02816667,1.543333333,0.165666667,7.2
699,2019-09-11,B,16,11.95336667,616.2933333,0.090833333,0.441166667,0.092166667,0.075333333,0.454333333,18.21316667,52.25166667,1.438333333,0.154666667,7.174
700,2019-09-11,B,17,11.66438333,619.85,0.098333333,0.470333333,0.099333333,0.083333333,0.389666667,18.33816667,52.60816667,1.4,0.15,7.15
701,2019-09-11,B,18,11.47235,624.6066667,0.102333333,0.4875,0.124,0.109,0.445166667,18.47733333,53.0115,1.32,0.144,7.119
702,2019-09-11,B,19,11.36635,628.695,0.099333333,0.477,0.116666667,0.100833333,0.515166667,18.59933333,53.3605,1.3,0.14,7.08