Group_1,Date_Time,Depthm,TempC,SpConduScm,ChlorophyllRFU,ChlorophyllugL,BGAPCRFU,BGAPCugL,TurbidityFNU,fDOMRFU,fDOMQSU,ODOsat,ODOmgL,pH,Presspsia,Point,latitude,longitude
1,2019-06-20 13:41:00,0.121852459,21.87132787,287.1983607,0.083934426,0.413770492,0.135409836,0.121147541,0.668360656,5.147540984,14.80754098,94.55737705,8.308032787,8.270655738,0.17295082,1,43.083419,-89.41371
2,2019-06-20 13:49:00,0.22647541,19.24093443,576.2442623,0.088196721,0.429672131,0.019180328,-0.000327869,0.203442623,11.67377049,33.5104918,90.99180328,8.387704918,8.189016393,0.321672131,2,43.0887,-89.40976
3,2019-06-20 13:59:00,0.200278689,20.62416393,330.2393443,0.103114754,0.48852459,0.132295082,0.117540984,1.872622951,6.740163934,19.37213115,91.0704918,8.196721311,8.195737705,0.284245902,3,43.084463,-89.4069
4,2019-06-20 14:07:00,0.188770492,20.58381967,286.0983607,0.087377049,0.426885246,0.100655738,0.084918033,1.703606557,5.96147541,17.14147541,90.16065574,8.117540984,8.149508197,0.267983607,4,43.0855,-89.3883
1,2019-06-28 09:34:35,0.021590164,24.883,23.3442623,0.039344262,0.234098361,0.093114754,0.077540984,1.915245902,0.259016393,0.795901639,109.7459016,9.09147541,8.324098361,0.03052459,1,43.08411,-89.42232
3,2019-06-28 09:46:00,0.042868852,25.12683607,60.67540984,0.056557377,0.303934426,0.27295082,0.265409836,2.793770492,1.10557377,3.224262295,112.5737705,9.300491803,8.609672131,0.060704918,3,43.08404,-89.40232
4,2019-06-28 09:51:28,0.065819672,25.32577049,53.9852459,0.047213115,0.265409836,0.37852459,0.375245902,3.690163934,1.732131148,5.020655738,118.8245902,9.773442623,8.67,0.093344262,4,43.0907,-89.38933
5,2019-06-28 09:56:55,0.035934426,25.4532623,84.0147541,0.047377049,0.268032787,0.245901639,0.23704918,4.344262295,1.831967213,5.304262295,118.3918033,9.711967213,8.654918033,0.051016393,5,43.09255,-89.37981
6,2019-06-28 10:02:47,0.066508197,25.67695082,47.24590164,0.064098361,0.332622951,0.253606557,0.243114754,2.761967213,2.619508197,7.562786885,117.0163934,9.55852459,8.646721311,0.094262295,6,43.09569,-89.38945
7,2019-06-28 10:09:20,0.05004918,25.87670492,52.36557377,0.072786885,0.368688525,0.460163934,0.460163934,3.286721311,2.858032787,8.248360656,122.042623,9.936721311,8.677704918,0.071016393,7,43.09748,-89.40602
8,2019-06-28 10:14:08,0.058081967,26.01436066,131.0229508,0.05852459,0.312459016,0.321147541,0.316229508,2.696229508,3.204098361,9.239508197,123.7688525,10.04885246,8.702622951,0.082409836,8,43.0941,-89.41691
1,2019-07-08 09:29:58,0.148196721,25.56939344,518.9967213,0.168688525,0.756721311,0.983934426,1.00852459,4.643770492,11.87147541,34.07901639,160.0737705,13.07213115,8.797213115,0.21004918,1,43.08283,-89.41381
2,2019-07-08 09:36:28,0.145754098,24.98996721,521.9901639,0.194098361,0.856065574,1.479508197,1.525081967,5.667868852,11.79377049,33.85672131,152.3655738,12.57606557,8.75,0.206672131,2,43.08889,-89.4093
3,2019-07-08 09:42:27,0.120590164,25.35319672,518.757377,0.229672131,1.001639344,1.983934426,2.051967213,7.206557377,11.57786885,33.23819672,167.4344262,13.72754098,8.833606557,0.170901639,3,43.08503,-89.3913
4,2019-07-08 09:47:30,0.133786885,25.43280328,518.4327869,0.24147541,1.050491803,1.919508197,1.984098361,6.845737705,11.57803279,33.23606557,170.7180328,13.97590164,8.856229508,0.189737705,4,43.08528,-89.38766
5,2019-07-08 09:59:00,0.130721311,25.2312623,518.7590164,0.193606557,0.855901639,1.552786885,1.601803279,8.114262295,11.79229508,33.85229508,176.5885246,14.51278689,8.87,0.185377049,5,43.09623,-89.38494
6,2019-07-08 09:52:43,0.11047541,25.51344262,517.5278689,0.307868852,1.318360656,3.043442623,3.158032787,10.34852459,11.55081967,33.15934426,178.9180328,14.62672131,8.887704918,0.156754098,6,43.09229,-89.38905
7,2019-07-08 10:06:42,0.12152459,25.29255738,520.7672131,0.171639344,0.768196721,1.355901639,1.396557377,5.606393443,11.75377049,33.7404918,159.7213115,13.10983607,8.806229508,0.172262295,7,43.09762,-89.40674
8,2019-07-08 10:17:30,0.129885246,25.65060656,519.0721311,0.12,0.557868852,0.674918033,0.684918033,3.913770492,12.29868852,35.30196721,158.2327869,12.90360656,8.804918033,0.184163934,8,43.09786,-89.41975
9,2019-07-08 10:23:42,0.126065574,25.85678689,519.0278689,0.129508197,0.597213115,0.971639344,0.993606557,4.994262295,11.95245902,34.30836066,168.4065574,13.68114754,8.848196721,0.178770492,9,43.095,-89.42904
10,2019-07-08 10:30:35,0.110098361,26.70952459,511.9032787,0.342786885,1.455409836,3.438360656,3.570655738,12.82852459,12.11131148,34.76704918,213.7836066,17.10278689,8.99,0.156147541,10,43.09737,-89.43758
11,2019-07-08 10:36:45,0.113295082,26.54095082,513.1213115,0.214918033,0.944098361,2.130327869,2.204098361,9.243114754,12.30639344,35.32459016,207.2918033,16.63360656,8.97,0.160672131,11,43.09551,-89.45659
12,2019-07-08 10:41:56,0.131983607,26.6925082,510.8360656,0.405245902,1.708196721,4.456885246,4.633934426,22.89442623,11.8542623,34.02836066,226.0885246,18.09213115,9.027213115,0.187131148,12,43.09645,-89.46057
13,2019-07-08 10:50:07,0.108311475,26.70022951,515.0606557,0.203606557,0.898688525,1.750163934,1.807213115,8.752622951,12.29,35.2795082,193.4655738,15.4795082,8.93,0.153442623,13,43.08736,-89.47114
14,2019-07-08 10:59:35,0.068655738,26.87363934,516.3032787,0.139508197,0.636557377,0.944262295,0.96557377,6.31852459,12.48459016,35.83557377,185.3704918,14.78622951,8.895409836,0.097262295,14,43.09083,-89.47514
15,2019-07-08 11:07:15,0.122852459,26.9032623,514.6901639,0.162131148,0.729016393,1.696393443,1.751639344,6.615737705,12.23065574,35.10737705,195.5442623,15.58803279,8.933606557,0.174180328,15,43.10502,-89.47264
16,2019-07-08 11:13:39,0.145918033,27.07768852,511.6311475,0.269836066,1.164098361,2.704754098,2.804754098,11.16934426,11.83016393,33.96,222.9868852,17.72196721,9.016065574,0.206852459,16,43.1037,-89.46303
17,2019-07-08 11:20:25,0.107229508,27.14080328,514.7901639,0.127377049,0.588196721,1.030327869,1.055409836,5.651147541,11.93032787,34.24557377,200.6295082,15.92540984,8.950655738,0.151918033,17,43.1015,-89.4505
18,2019-07-08 11:26:30,0.066442623,26.75118033,514.0442623,0.15,0.679016393,1.55852459,1.606721311,7.317213115,12.44229508,35.71459016,201.6688525,16.12163934,8.95,0.094295082,18,43.09885,-89.44552
19,2019-07-08 11:55:15,-0.001163934,26.48940984,519.9786885,0.105245902,0.500163934,0.789508197,0.803606557,4.049016393,11.62672131,33.37672131,168.9032787,13.5652459,8.84442623,-0.001639344,19,43.10382,-89.42698
20,2019-07-08 10:11:59,0.158639344,25.21145902,520.9229508,0.114098361,0.536229508,0.689508197,0.699836066,4.056065574,12.19639344,35.01098361,156.3114754,12.85,8.782622951,0.225032787,20,43.09919,-89.41768
21,2019-07-08 12:03:20,0.031344262,26.63014754,513.542623,0.15,0.680983607,1.261147541,1.295409836,7.21442623,11.5757377,33.2295082,217.2295082,17.40311475,8.999672131,0.044377049,21,43.10424,-89.41199
22,2019-07-08 12:11:58,0.053344262,26.34865574,517.8278689,0.090491803,0.440655738,0.748360656,0.760327869,4.264262295,11.65688525,33.46344262,182.1327869,14.66508197,8.899672131,0.075557377,22,43.10004,-89.39325
23,2019-07-08 12:18:55,0.027639344,26.58888525,520.1311475,0.058360656,0.310983607,0.320655738,0.313934426,2.67147541,11.64557377,33.43081967,171.4491803,13.74590164,8.84852459,0.039180328,23,43.09827,-89.3869
24,2019-07-08 12:27:05,0.04704918,26.97160656,520.7163934,0.074098361,0.373114754,0.408196721,0.40557377,3.064918033,11.30721311,32.45934426,169.4295082,13.48901639,8.842459016,0.066622951,24,43.1087,-89.3878
25,2019-07-08 12:32:54,0.042721311,26.81895082,515.2639344,0.132295082,0.607868852,1.234918033,1.268688525,7.135901639,11.8157377,33.91868852,201.2918033,16.06836066,8.95442623,0.060491803,25,43.11095,-89.3945
26,2019-07-08 13:08:25,0.088016393,27.0402623,514.4590164,0.126885246,0.588032787,1.115737705,1.145737705,7.364262295,11.57885246,33.24081967,212.2344262,16.87704918,8.976229508,0.124786885,26,43.11389,-89.41055
27,2019-07-08 13:15:35,0.08342623,27.17539344,516.1295082,0.134590164,0.622622951,1.094098361,1.123442623,6.074918033,11.22377049,32.22180328,199.995082,15.86393443,8.950491803,0.118360656,27,43.10896,-89.42012
28,2019-07-08 13:24:10,0.04142623,28.12455738,514.3131148,0.102786885,0.490163934,0.650983607,0.659672131,4.069508197,11.16409836,32.04967213,220.3639344,17.1904918,8.980163934,0.058557377,28,43.11237,-89.43612
29,2019-07-08 13:29:08,0.049967213,27.59939344,515.8508197,0.057540984,0.307540984,0.359672131,0.354590164,2.679344262,11.67672131,33.52213115,202.3852459,15.93442623,8.936065574,0.070819672,29,43.11417,-89.43894
30,2019-07-08 13:37:45,-0.01442623,27.34531148,516.8491803,0.102131148,0.487868852,0.787213115,0.801639344,4.821967213,12.04180328,34.56557377,190.2344262,15.0457377,8.910327869,-0.020360656,30,43.12123,-89.42665
31,2019-07-08 13:45:30,0.052819672,27.10370492,515.7737705,0.081147541,0.401639344,0.379672131,0.376557377,2.886721311,12.28557377,35.26639344,195.1852459,15.50557377,8.941147541,0.074901639,31,43.11646,-89.41807
32,2019-07-08 12:59:15,0.127540984,26.83216393,514.1786885,0.150819672,0.683114754,1.356721311,1.396229508,7.116885246,11.64147541,33.41770492,205.4393443,16.39885246,8.97,0.180885246,32,43.12079,-89.40754
33,2019-07-08 12:50:40,0.061655738,26.30614754,521.9081967,0.072295082,0.367540984,0.424590164,0.42295082,3.366229508,11.97377049,34.37131148,162.5770492,13.09836066,8.811639344,0.087295082,33,43.12014,-89.38985
34,2019-07-08 12:43:54,0.064557377,25.79837705,528.5655738,0.060327869,0.318196721,0.121147541,0.10557377,1.666885246,11.48803279,32.97967213,130.7967213,10.63655738,8.603606557,0.091459016,34,43.12268,-89.38096
35,2019-07-08 13:52:40,0.056885246,26.44096721,514.352459,0.126393443,0.586557377,1.036229508,1.062131148,4.723114754,13.2004918,37.88786885,189.0540984,15.19704918,8.910491803,0.08052459,35,43.12395,-89.41475
1,2019-07-13 09:47:10,0.141885246,26.04618033,472.1918033,0.103606557,0.491803279,0.640491803,0.647868852,3.454262295,11.68934426,33.55704918,195.1786885,15.80409836,8.795409836,0.201278689,1,43.08543,-89.41315
2,2019-07-13 09:53:36,0.160344262,26.21195082,472.0016393,0.11295082,0.530163934,0.629672131,0.636393443,3.149180328,11.4752459,32.94393443,198.7311475,16.04459016,8.803442623,0.227262295,2,43.0569,-89.4096
3,2019-07-13 10:00:09,0.131,26.6962459,469.0295082,0.10295082,0.487540984,0.363278689,0.359180328,2.259180328,11.06245902,31.75868852,200.2459016,16.0247541,8.791311475,0.185655738,3,43.08107,-89.398
4,2019-07-13 10:06:29,0.112918033,26.74567213,468.7032787,0.080163934,0.400327869,0.386885246,0.383770492,2.240163934,10.94901639,31.43295082,199.8114754,15.97557377,8.806885246,0.160147541,4,43.08919,-89.38398
5,2019-07-13 10:15:10,0.069262295,26.93211475,470.6655738,0.059508197,0.316721311,0.267868852,0.259672131,1.855737705,10.9452459,31.42262295,192.4491803,15.33540984,8.78,0.098081967,5,43.09798,-89.3611
6,2019-07-13 10:22:56,0.067754098,26.37093443,471.9295082,0.09295082,0.449344262,0.399016393,0.396393443,2.64557377,12.22770492,35.09655738,199.2721311,16.04147541,8.80147541,0.096081967,6,43.09433,-89.39827
8,2019-07-13 10:42:56,0.072098361,26.25811475,476.0754098,0.077540984,0.388032787,0.798196721,0.813442623,4.221147541,11.62360656,33.36836066,209.2557377,16.87819672,8.842295082,0.102196721,8,43.09025,-89.4245
9,2019-07-13 10:48:55,0.068278689,26.33840984,477.7131148,0.090819672,0.441639344,0.733606557,0.746229508,3.623114754,11.56459016,33.19786885,201.847541,16.25721311,8.832459016,0.096836066,9,43.09762,-89.43055
10,2019-07-13 10:55:27,0.111491803,26.26190164,478.6163934,0.063114754,0.329016393,0.500819672,0.502459016,2.746065574,11.43557377,32.82803279,198.3819672,15.9995082,8.817377049,0.158081967,10,43.09683,-89.44015
11,2019-07-13 11:05:36,0.168885246,25.59786885,486.5459016,0.110163934,0.520819672,0.942786885,0.963606557,4.03852459,11.83180328,33.96672131,185.6016393,15.15016393,8.812786885,0.239459016,11,43.09492,-89.45565
12,2019-07-13 11:21:22,0.141196721,25.28293443,491.7377049,0.087377049,0.429344262,0.71147541,0.722622951,4.241967213,12.11180328,34.76606557,166.8459016,13.69737705,8.71,0.200278689,12,43.09656,-89.47102
13,2019-07-13 11:13:49,0.169442623,25.97778689,415.2459016,0.082786885,0.410327869,0.521639344,0.525081967,3.978688525,9.679016393,27.79442623,193.3590164,15.67622951,8.82,0.240213115,13,43.08604,-89.46796
14,2019-07-13 11:29:06,0.148704918,24.99765574,493.1622951,0.113934426,0.533114754,0.863606557,0.881803279,5.66295082,12.43442623,35.69147541,162.295082,13.3952459,8.682459016,0.210983607,14,43.09763,-89.47709
15,2019-07-13 11:37:40,0.178655738,24.67114754,501.1196721,0.081147541,0.403770492,0.532622951,0.536229508,3.845737705,13.16360656,37.78147541,137.1016393,11.38393443,8.536557377,0.253360656,15,43.1004,-89.48118
16,2019-07-13 11:43:52,0.096032787,25.56809836,489.1836066,0.13295082,0.611803279,1.31442623,1.352459016,5.01,12.20098361,35.02032787,183.3967213,14.97934426,8.781311475,0.136213115,16,43.10091,-89.46186
17,2019-07-13 11:49:48,0.166344262,25.7415082,488.7360656,0.117868852,0.550327869,1.116393443,1.145081967,5.72147541,12.10819672,34.75819672,187.0032787,15.22606557,8.795901639,0.235983607,17,43.10163,-89.45349
18,2019-07-13 11:56:32,0.177754098,25.9987541,484.0311475,0.08852459,0.433770492,0.686229508,0.696885246,3.863114754,11.20803279,32.17639344,193.3918033,15.67131148,8.823278689,0.25204918,18,43.09882,-89.44431
19,2019-07-13 12:01:40,0.174622951,26.38495082,477.0885246,0.075409836,0.376065574,0.578032787,0.583770492,3.364918033,11.42278689,32.79114754,205.0098361,16.49770492,8.822131148,0.24747541,19,43.09967,-89.43567
20,2019-07-13 12:08:20,0.177147541,26.27759016,477.4803279,0.071803279,0.36442623,0.659508197,0.668196721,3.649016393,11.52918033,33.0947541,202.4196721,16.32098361,8.820163934,0.251098361,20,43.10219,-89.42429
21,2019-07-13 12:15:40,0.092803279,26.69906557,477.8147541,0.063606557,0.335081967,0.313114754,0.306229508,2.301967213,11.67131148,33.50508197,192.1754098,15.37803279,8.803114754,0.13157377,21,43.1038,-89.4027
22,2019-07-13 12:23:40,0.126852459,27.16385246,469.8852459,0.055737705,0.3,0.215081967,0.204098361,1.731311475,10.95114754,31.43967213,197.8098361,15.69737705,8.79,0.179836066,22,43.10441,-89.3904
23,2019-07-13 12:29:10,0.15742623,27.23788525,469.447541,0.046393443,0.263770492,0.199508197,0.188688525,1.813114754,10.73885246,30.83213115,199.3,15.7952459,8.79,0.223196721,23,43.10414,-89.3826
24,2019-07-13 12:37:37,0.13504918,27.31537705,471.9508197,0.049016393,0.274754098,0.163606557,0.151147541,1.537377049,11.00704918,31.60147541,191.2901639,15.13885246,8.762459016,0.191491803,24,43.11394,-89.38601
25,2019-07-13 12:43:10,0.12157377,27.22760656,470.6918033,0.049344262,0.27442623,0.230163934,0.22,1.745245902,10.9204918,31.35344262,197.4213115,15.64885246,8.77295082,0.172377049,25,43.1155,-89.3877
26,2019-07-13 12:51:00,0.114327869,27.25804918,470.6196721,0.161803279,0.729180328,0.466065574,0.466065574,3.007868852,11.85377049,34.02508197,207.5901639,16.44721311,8.855901639,0.162114754,26,43.1235,-89.3935
27,2019-07-13 13:03:55,0.135934426,27.0502623,472.7901639,0.055901639,0.301147541,0.174590164,0.161803279,1.722295082,11.36983607,32.64213115,198.8606557,15.81344262,8.800491803,0.192704918,27,43.11057,-89.39782
28,2019-07-13 13:11:30,0.094262295,26.66683607,475.3016393,0.066229508,0.34295082,0.463114754,0.463278689,2.829344262,12.28803279,35.27245902,198.8655738,15.92262295,8.832786885,0.133491803,28,43.1102,-89.40776
29,2019-07-13 13:18:00,0.185327869,26.34152459,474.0098361,0.055737705,0.301311475,0.540327869,0.544262295,3.228360656,11.56754098,33.2057377,203.8754098,16.42065574,8.82,0.262885246,29,43.10779,-89.41816
30,2019-07-13 13:23:32,0.176229508,26.18965574,476.2442623,0.061967213,0.326229508,0.539016393,0.542459016,3.047213115,11.70754098,33.60983607,199.8508197,16.1395082,8.822622951,0.249754098,30,43.1113,-89.43135
31,2019-07-13 13:30:25,0.182639344,26.11208197,484.0147541,0.092459016,0.44852459,1.145081967,1.176065574,6.356885246,13.0257377,37.38672131,188.3803279,15.23508197,8.801967213,0.258934426,31,43.11343,-89.44592
1,2019-07-22 09:27:20,0.115459016,25.71347541,521.1295082,0.513442623,2.145081967,1.332131148,1.371311475,5.93557377,12.17803279,34.95803279,126.3655738,10.29360656,8.697868852,0.163803279,1,43.081864,-89.418058
2,2019-07-22 09:43:00,0.122393443,25.71855738,520.5311475,0.270819672,1.166885246,1.33442623,1.373114754,5.399016393,11.83836066,33.98229508,128.1754098,10.4395082,8.707704918,0.17357377,2,43.083948,-89.407408
3,2019-07-22 09:52:55,0.101393443,25.58590164,525.0590164,0.27704918,1.194918033,1.191147541,1.223278689,5.12295082,12.32163934,35.36721311,114.9737705,9.386393443,8.623934426,0.143754098,3,43.08115,-89.394608
4,2019-07-22 10:01:15,0.087737705,25.41072131,524.9081967,0.186393443,0.826885246,1.009836066,1.033606557,4.23295082,12.16770492,34.9257377,115.4540984,9.456229508,8.630655738,0.124344262,4,43.087881,-89.385725
5,2019-07-22 10:10:15,0.052065574,25.34388525,525.2114754,0.166557377,0.746065574,0.941803279,0.963442623,3.61,12.1052459,34.74983607,115.6754098,9.486393443,8.627868852,0.073819672,5,43.095269,-89.382003
6,2019-07-22 10:18:20,0.123721311,25.5482459,521.2836066,0.207377049,0.91442623,1.346557377,1.385737705,4.895081967,11.7847541,33.82786885,127.5213115,10.41852459,8.7,0.175393443,6,43.096049,-89.395559
7,2019-07-22 10:39:40,0.090311475,25.70862295,519.6983607,0.236721311,1.030163934,1.468688525,1.513278689,5.888032787,11.74672131,33.72016393,130.9377049,10.66622951,8.719344262,0.127967213,7,43.096004,-89.411113
8,2019-07-22 10:47:20,0.082803279,25.67593443,521.6147541,0.252131148,1.090655738,1.20295082,1.236229508,4.999344262,11.8847541,34.11672131,126.5459016,10.31508197,8.7,0.11747541,8,43.093025,-89.416222
9,2019-07-22 10:55:25,0.088934426,25.65783607,521.1819672,0.230983607,1.006885246,1.149836066,1.179344262,4.978688525,12.40081967,35.5957377,121.0901639,9.873278689,8.67,0.126147541,9,43.09432,-89.435141
10,2019-07-22 11:03:20,0.076081967,25.75818033,519.404918,0.227868852,0.993442623,1.296557377,1.334918033,5.788360656,11.86622951,34.06344262,129.2360656,10.51868852,8.71,0.107868852,10,43.094732,-89.444993
11,2019-07-22 11:11:35,0.108901639,25.77432787,519.0016393,0.253934426,1.099836066,1.68147541,1.735409836,6.851639344,12.25311475,35.17262295,131.1491803,10.67213115,8.72,0.154491803,11,43.095537,-89.457581
12,2019-07-22 11:18:50,0.11752459,25.71431148,520.7442623,0.215409836,0.94557377,1.331311475,1.370655738,5.959180328,12.18098361,34.96688525,128.6786885,10.48065574,8.697868852,0.166721311,12,43.091348,-89.464801
13,2019-07-22 11:25:10,0.086786885,25.79837705,520.542623,0.262295082,1.132786885,1.369016393,1.409180328,6.796229508,12.07163934,34.65147541,133.4868852,10.85557377,8.709836066,0.123114754,13,43.087106,-89.463001
14,2019-07-22 11:34:00,0.087032787,26.00345902,517.3754098,0.310983607,1.327377049,1.598032787,1.64852459,6.72704918,11.82557377,33.94967213,145.457377,11.78557377,8.76,0.123327869,14,43.097033,-89.477611
15,2019-07-22 11:41:55,0.053868852,26.16190164,516.7803279,0.326721311,1.393934426,1.666229508,1.72,7.05295082,12.26639344,35.20803279,145.3098361,11.7404918,8.75,0.076393443,15,43.104945,-89.472796
16,2019-07-22 11:48:50,0.146688525,26.17447541,515.8278689,0.373278689,1.580983607,1.896229508,1.959508197,8.15147541,12.28901639,35.27409836,148.257377,11.97508197,8.77,0.207868852,16,43.101985,-89.463914
17,2019-07-22 11:55:40,0.055754098,26.27252459,514.1606557,0.377540984,1.599180328,2.027540984,2.098032787,7.841639344,12.11901639,34.79,150.304918,12.11967213,8.79,0.07904918,17,43.104864,-89.450056
18,2019-07-22 12:14:45,0.092901639,26.05781967,515.8065574,0.276885246,1.191311475,1.826065574,1.886721311,7.295245902,12.19180328,34.99852459,141.1885246,11.42868852,8.77,0.131754098,18,43.102824,-89.442378
19,2019-07-22 12:22:00,0.036131148,25.87813115,517.5622951,0.242295082,1.050491803,1.588196721,1.638360656,5.791311475,11.89868852,34.15688525,134.5245902,10.92540984,8.74,0.051163934,19,43.10405,-89.43611
20,2019-07-22 12:28:48,0.094770492,26.03785246,515.2163934,0.264262295,1.140163934,1.862459016,1.925901639,6.638032787,11.83655738,33.97672131,135.8131148,10.99655738,8.76,0.134295082,20,43.10482,-89.42142
21,2019-07-22 12:35:59,0.151393443,26.04163934,515.1918033,0.24147541,1.048032787,1.585737705,1.635737705,6.433770492,11.82081967,33.93540984,136.2131148,11.02852459,8.769016393,0.214721311,21,43.10168,-89.41186
22,2019-07-22 10:26:30,0.01457377,25.69890164,438.6540984,0.153442623,0.695901639,0.861147541,0.879016393,3.881147541,10.55672131,30.3095082,118.5786885,9.661639344,8.691147541,0.02057377,22,43.101473,-89.393927
23,2019-07-22 12:52:35,0.183245902,25.90488525,518.952459,0.15295082,0.692295082,0.869836066,0.888852459,4.166885246,11.80098361,33.87786885,127.9065574,10.38262295,8.718688525,0.259852459,23,43.10648,-89.3806
24,2019-07-22 13:08:08,0.147606557,25.91455738,518.0213115,0.150655738,0.683114754,0.924590164,0.944590164,4.246065574,11.73672131,33.69360656,130.4721311,10.58868852,8.74,0.209327869,24,43.10757,-89.3637
25,2019-07-22 13:16:25,0.169590164,26.1602623,514.5852459,0.910327869,3.74704918,1.593278689,1.644262295,6.25704918,12.66295082,36.34540984,143.242623,11.57229508,8.797540984,0.240459016,25,43.11365,-89.40071
26,2019-07-22 13:22:30,0.168229508,26.16819672,514.5803279,0.606557377,2.521311475,1.793114754,1.851639344,6.441311475,12.43622951,35.69655738,140.0163934,11.31032787,8.789508197,0.23852459,26,43.11373,-89.40646
27,2019-07-22 13:28:25,0.070704918,26.10277049,515.4,0.463114754,1.944262295,1.751639344,1.808688525,6.750819672,12.52360656,35.94672131,136.8901639,11.07131148,8.777377049,0.100196721,27,43.11041,-89.41569
28,2019-07-22 13:36:25,0.111622951,26.08332787,515.8213115,0.314098361,1.340983607,2.012622951,2.080327869,6.995901639,12.35262295,35.45688525,139.3344262,11.27311475,8.774754098,0.158327869,28,43.11465,-89.43193
29,2019-07-22 13:42:25,0.143196721,26.28201639,514.4901639,0.346065574,1.46852459,2.37852459,2.463934426,7.393114754,12.12131148,34.79114754,146.2360656,11.7895082,8.792459016,0.203065574,29,43.11191,-89.44092
30,2019-07-22 13:48:35,0.076885246,26.19390164,513.852459,0.381147541,1.611639344,2.036721311,2.106721311,7.270819672,12.29114754,35.28016393,144.5147541,11.66852459,8.810163934,0.109032787,30,43.11636,-89.42894
31,2019-07-22 13:54:12,0.032622951,26.19619672,513.7327869,1.018032787,4.180491803,1.864754098,1.926885246,6.437704918,12.98836066,37.27754098,142.642623,11.51803279,8.805409836,0.046196721,31,43.12007,-89.41977
32,2019-07-22 14:07:15,0.031081967,26.18072131,514.8491803,0.787868852,3.251147541,1.690983607,1.745737705,6.586393443,12.83065574,36.82737705,140.7639344,11.36934426,8.797540984,0.044180328,32,43.12,-89.42412
33,2019-07-22 14:14:35,0.06047541,26.16470492,515.0114754,0.324262295,1.383606557,1.455901639,1.500491803,5.495081967,11.95180328,34.3095082,139.0262295,11.23016393,8.79,0.085819672,33,43.1174,-89.3957
35,2019-07-22 14:00:55,0.077786885,26.02537705,512.6409836,3.098360656,12.57262295,1.506885246,1.553606557,5.661967213,16.47803279,47.28032787,133.5147541,10.81393443,8.71852459,0.110295082,35,43.12878,-89.42411
1,2019-07-26 09:55:40,-0.006901639,24.07140984,376.6295082,0.232131148,1.010819672,0.360491803,0.35704918,3.975901639,12.4357377,35.69557377,105.5786885,8.868032787,8.691639344,-0.009836066,1,43.08168,-89.41712
2,2019-07-26 10:02:10,-0.024688525,24.08245902,353.047541,0.166065574,0.745081967,0.23852459,0.227868852,3.469016393,10.32639344,29.64983607,106.5327869,8.946393443,8.68295082,-0.03504918,2,43.08174,-89.40932
3,2019-07-26 10:07:30,-0.027967213,24.14177049,379.3868852,0.106393443,0.502295082,0.205901639,0.194262295,4.069344262,10.41540984,29.90557377,107.1967213,8.992131148,8.669180328,-0.039557377,3,43.08504,-89.40103
4,2019-07-26 10:14:00,-0.057098361,24.17981967,355.842623,0.061967213,0.326557377,0.219016393,0.209180328,4.057540984,10.77491803,30.9352459,106.5803279,8.934590164,8.675409836,-0.081,4,43.08845,-89.38022
5,2019-07-26 10:19:20,-0.040901639,24.15952459,239.395082,0.146229508,0.66704918,0.229180328,0.21852459,4.996557377,9.696229508,27.8452459,106.6213115,8.943770492,8.68,-0.058114754,5,43.09123,-89.39029
6,2019-07-26 10:26:05,-0.01457377,23.798,50.54754098,0.105245902,0.498032787,0.286885246,0.279180328,30.43278689,3.085901639,8.900655738,107.5196721,9.084754098,8.563606557,-0.020508197,6,43.0968,-89.40295
7,2019-07-26 10:33:25,-0.022442623,24.32947541,465.2967213,0.06442623,0.335409836,0.238852459,0.229016393,4.672622951,12.36393443,35.48885246,107.8852459,9.014918033,8.71442623,-0.031704918,7,43.09528,-89.41889
8,2019-07-26 10:39:14,-0.007,24.29667213,113.2,0.191967213,0.849836066,0.408852459,0.406229508,4.276229508,12.23393443,35.11672131,108.9885246,9.121311475,8.719344262,-0.01,8,43.09239,-89.42471
9,2019-07-26 10:44:36,-0.039885246,24.28918033,160.1606557,0.208032787,0.912622951,0.424098361,0.422131148,4.923114754,12.37540984,35.52131148,108.6819672,9.096557377,8.710327869,-0.056557377,9,43.0982,-89.43106
10,2019-07-26 10:50:10,-0.024704918,24.22565574,434.095082,0.136721311,0.627868852,0.32442623,0.319180328,5.359672131,12.43,35.68081967,107.7918033,9.025409836,8.704262295,-0.034967213,10,43.09555,-89.4387
11,2019-07-26 10:56:19,-0.046606557,24.2034918,432.6442623,0.186557377,0.829508197,0.406229508,0.405245902,5.369672131,12.1547541,34.88885246,108.0081967,9.047377049,8.705737705,-0.066131148,11,43.09275,-89.45665
12,2019-07-26 11:02:33,-0.040491803,24.19393443,119.5360656,0.183114754,0.813114754,0.376557377,0.373114754,5.50852459,11.95983607,34.33278689,105.695082,8.864098361,8.69,-0.057409836,12,43.08457,-89.46771
13,2019-07-26 11:08:49,-0.037983607,24.24572131,329.6163934,0.038032787,0.227540984,0.239836066,0.229508197,4.73442623,12.66918033,36.36442623,107.0213115,8.960491803,8.687377049,-0.053868852,13,43.09496,-89.46463
14,2019-07-26 11:14:24,-0.041196721,24.22060656,470.7196721,0.032622951,0.208196721,0.214590164,0.20442623,5.303770492,12.39311475,35.5742623,105.9032787,8.869180328,8.669672131,-0.058442623,14,43.0934,-89.47554
15,2019-07-26 11:19:38,0.030901639,24.28985246,209.6016393,0.308360656,1.321639344,0.536721311,0.540491803,5.530655738,9.705409836,27.86967213,105.5163934,8.829016393,8.623934426,0.043754098,15,43.10072,-89.47778
16,2019-07-26 11:28:37,-0.02542623,24.0605082,316.1819672,0.14557377,0.663278689,0.311639344,0.30442623,4.633114754,11.56901639,33.21016393,107.2,9.007540984,8.641311475,-0.036065574,16,43.10481,-89.46584
17,2019-07-26 11:33:45,-0.012590164,24.10713115,71.22622951,0.106065574,0.501803279,0.302622951,0.29704918,6.474262295,12.82245902,36.80377049,107.3737705,9.019672131,8.662459016,-0.017836066,17,43.10298,-89.45031
18,2019-07-26 11:39:00,-0.022770492,24.18613115,58.78688525,0.125409836,0.580655738,0.308852459,0.302131148,5.493770492,12.04557377,34.57688525,106.9688525,8.972295082,8.656065574,-0.032311475,18,43.10538,-89.43949
19,2019-07-26 11:58:41,-0.018098361,24.83434426,129.1557377,0.021803279,0.163442623,0.168196721,0.155409836,5.120819672,12.61377049,36.20688525,106.9639344,8.864098361,8.639344262,-0.025803279,19,43.10296,-89.41903
20,2019-07-26 12:06:15,-0.023344262,25.33896721,98.39180328,0.166885246,0.746721311,0.321311475,0.31557377,5.48852459,12.23213115,35.11098361,108.0442623,8.871311475,8.628360656,-0.033147541,20,43.10563,-89.40302
21,2019-07-26 12:13:40,-0.006065574,25.72885246,35.59016393,0.030819672,0.200819672,0.171967213,0.159836066,6.343278689,12.79934426,36.73819672,107.5737705,8.770983607,8.620327869,-0.008491803,21,43.09932,-89.39176
22,2019-07-26 12:19:00,-0.03004918,25.85145902,154.8967213,0.028032787,0.188032787,0.186721311,0.173934426,4.92295082,12.43311475,35.68721311,107.3295082,8.728852459,8.621803279,-0.042655738,22,43.09739,-89.38873
23,2019-07-26 12:25:51,-0.027655738,25.91481967,98.68852459,0.188852459,0.839016393,0.38704918,0.383934426,5.098196721,12.70540984,36.46770492,108.9737705,8.854262295,8.623934426,-0.039213115,23,43.09867,-89.37788
24,2019-07-26 12:31:15,0.012344262,25.93837705,307.3377049,0.29,1.245245902,0.535901639,0.539180328,5.533442623,9.903770492,28.43803279,114.9065574,9.329180328,8.607704918,0.01752459,24,43.10776,-89.38003
25,2019-07-26 12:38:38,-0.012098361,26.29357377,75.29836066,0.030819672,0.199344262,0.195081967,0.183770492,6.062459016,12.84016393,36.85081967,108.147541,8.72704918,8.63,-0.017213115,25,43.12105,-89.38338
26,2019-07-26 12:47:35,0.007737705,26.49906557,90.66229508,0.14852459,0.675081967,0.429836066,0.427377049,5.846885246,12.01278689,34.48295082,111.2688525,8.948852459,8.629180328,0.011,26,43.12118,-89.39586
27,2019-07-26 12:55:10,-0.035213115,26.57878689,51.63114754,0.03295082,0.206393443,0.196557377,0.185081967,8.104590164,12.68459016,36.40852459,107.6114754,8.639180328,8.618852459,-0.049786885,27,43.11106,-89.39246
28,2019-07-26 13:08:00,-0.025655738,26.21906557,25.81147541,0.025081967,0.17295082,0.166557377,0.154098361,6.358032787,12.79918033,36.7352459,106.8868852,8.63852459,8.611639344,-0.036377049,28,43.11008,-89.41208
29,2019-07-26 13:14:28,-0.033918033,25.94188525,482.052459,0.042295082,0.245901639,0.196885246,0.186065574,5.131147541,12.96508197,37.21163934,106.942623,8.676065574,8.616065574,-0.048081967,29,43.11069,-89.41889
30,2019-07-26 13:21:20,-0.009803279,25.67277049,110.2557377,0.120163934,0.558360656,0.29295082,0.28557377,5.871147541,12.7252459,36.52377049,107.7131148,8.790163934,8.628196721,-0.014081967,30,43.11252,-89.42932
31,2019-07-26 13:28:50,-0.020409836,25.47418033,219.8377049,0.022622951,0.168852459,0.219016393,0.208360656,5.265901639,12.94016393,37.14081967,106.8672131,8.750983607,8.621967213,-0.028868852,31,43.11002,-89.44451
32,2019-07-26 13:37:10,-0.032081967,25.30901639,23.2852459,0.033934426,0.21295082,0.189016393,0.176229508,5.526229508,12.83327869,36.83311475,106.7245902,8.769508197,8.62147541,-0.04542623,32,43.11615,-89.42509
33,2019-07-26 13:41:38,-0.043245902,25.30622951,92.23934426,0.082786885,0.410819672,0.265081967,0.256229508,4.60442623,12.29622951,35.2947541,107.0065574,8.791147541,8.621311475,-0.061360656,33,43.11859,-89.42412
34,2019-07-26 13:49:00,-0.047622951,25.50762295,378.9868852,0.020655738,0.157540984,0.191967213,0.180491803,5.394918033,13.27147541,38.09147541,107.6508197,8.80557377,8.63,-0.06752459,34,43.13161,-89.4147
35,2019-07-26 13:56:35,-0.045786885,25.50385246,29.35409836,0.555901639,2.317868852,0.959836066,0.982295082,11.60327869,11.86311475,34.0542623,109.557377,8.974754098,8.670655738,-0.065032787,35,43.12127,-89.40238
1,2019-08-07 09:51:55,0.031688525,22.37472131,5.262295082,-0.019344262,-0.003606557,0.039836066,0.021803279,3.283770492,-0.330983607,-0.894098361,41.5,3.603114754,7.217868852,0.044885246,1,43.08443,-89.4168
2,2019-08-07 10:00:28,0.057754098,22.47731148,8.163934426,0.010983607,0.117213115,0.185737705,0.173442623,13.48967213,-0.249508197,-0.659672131,90.67377049,7.856557377,7.640655738,0.082,2,43.08421,-89.40753
3,2019-08-07 10:06:27,0.060131148,22.71501639,9.459016393,0.016065574,0.142295082,0.189016393,0.177213115,17.1295082,-0.176721311,-0.452131148,91.4557377,7.887377049,7.97852459,0.085295082,3,43.08598,-89.3992
4,2019-08-07 10:11:43,0.062672131,23.34445902,72.47540984,0.065737705,0.340983607,0.255901639,0.247213115,17.20393443,0.804590164,2.360819672,92.3147541,7.865081967,8.177377049,0.089016393,4,43.08675,-89.38485
5,2019-08-07 10:17:29,0.026344262,24.5294918,1.955737705,0.018360656,0.14704918,0.135901639,0.121311475,3.856557377,0.460819672,1.373606557,97.39836066,8.118852459,8.81,0.037409836,5,43.09662,-89.378
6,2019-08-07 10:23:35,-0.034081967,25.60654098,44.72459016,0.015081967,0.137868852,0.149508197,0.13557377,4.324262295,0.844590164,2.475901639,91.57540984,7.483114754,8.968360656,-0.048409836,6,43.09897,-89.38178
7,2019-08-07 10:30:26,-0.074672131,26.46429508,52.17540984,0.012786885,0.127213115,0.116885246,0.101803279,4.634754098,1.396393443,4.056557377,94.1,7.572622951,8.949180328,-0.105852459,7,43.09592,-89.39198
8,2019-08-07 10:36:48,-0.059163934,26.82342623,81.03442623,0.015409836,0.138688525,0.133278689,0.117377049,5.282131148,1.99852459,5.78295082,93.9147541,7.503114754,8.945245902,-0.083770492,8,43.09311,-89.40534
9,2019-08-07 10:43:08,-0.062065574,27.25996721,97.14262295,0.013114754,0.12557377,0.118360656,0.102622951,4.714590164,2.290819672,6.620491803,94.02131148,7.459016393,8.93,-0.087918033,9,43.09547,-89.41732
10,2019-08-07 10:49:09,0.013737705,27.40008197,31.72131148,-0.000163934,0.072622951,0.110163934,0.094098361,5.324098361,2.834262295,8.177868852,94.88196721,7.506065574,8.925737705,0.01942623,10,43.09585,-89.42614
11,2019-08-07 10:55:55,-0.06252459,27.61068852,116.0754098,0.002131148,0.083278689,0.108360656,0.09147541,5.980491803,3.021639344,8.714918033,94.10327869,7.42,8.909016393,-0.08857377,11,43.091,-89.44325
12,2019-08-07 11:01:37,-0.047081967,27.799,150.4245902,0.015081967,0.135737705,0.101147541,0.085737705,5.43852459,3.308196721,9.535901639,94.50983607,7.422622951,8.910163934,-0.066737705,12,43.09654,-89.44844
13,2019-08-07 11:09:18,0.007868852,27.14688525,335.4327869,0.158852459,0.714754098,0.564262295,0.56852459,5.770327869,7.885081967,22.65442623,109.2245902,8.68704918,8.859836066,0.011114754,13,43.08879,-89.46107
14,2019-08-07 11:15:08,-0.012885246,28.27359016,178.3557377,0.015081967,0.136393443,0.098688525,0.082786885,5.29,4.216065574,12.13606557,94.69836066,7.374098361,8.857868852,-0.018098361,14,43.09318,-89.46961
15,2019-08-07 11:22:48,0.059311475,25.54485246,520.8,0.286393443,1.228688525,1.495901639,1.54147541,9.833278689,11.90278689,34.16721311,119.7590164,9.785409836,8.725737705,0.08395082,15,43.09057,-89.47538
16,2019-08-07 11:28:59,0.00757377,27.67290164,201.9901639,0.053606557,0.292459016,0.240163934,0.230491803,5.434098361,4.988360656,14.35081967,94.62295082,7.446393443,8.81,0.010688525,16,43.09912,-89.47528
17,2019-08-07 11:34:26,-0.037836066,27.41467213,8.742622951,0.007540984,0.10442623,0.105901639,0.089836066,7.65295082,5.225901639,15.03065574,94.37540984,7.465737705,8.800983607,-0.053557377,17,43.09913,-89.46168
18,2019-08-07 11:39:35,0.021918033,27.18195082,227.0147541,0.011147541,0.121311475,0.114262295,0.099180328,6.33147541,5.471147541,15.73491803,94.82459016,7.526885246,8.799672131,0.031032787,18,43.10528,-89.45846
19,2019-08-07 12:16:18,-0.061590164,27.08636066,266.3819672,0.003442623,0.090163934,0.109344262,0.093770492,4.707377049,6.671803279,19.17901639,94.90491803,7.55,8.69,-0.087393443,19,43.10082,-89.443
20,2019-08-07 12:07:35,-0.067344262,26.87296721,265.5540984,0.002459016,0.08557377,0.117213115,0.103442623,6.265409836,6.613606557,19.00803279,94.32459016,7.53,8.712295082,-0.09557377,20,43.10077,-89.42801
21,2019-08-07 12:23:07,-0.058491803,27.3682459,266.047541,-0.001311475,0.070491803,0.100983607,0.084590164,4.916885246,6.702786885,19.26590164,95.08360656,7.522459016,8.68,-0.082852459,21,43.09995,-89.4191
22,2019-08-07 12:28:33,0.020786885,26.35491803,510.6180328,0.268852459,1.160327869,1.142131148,1.172459016,8.186885246,11.01360656,31.61885246,131.947541,10.62278689,8.826885246,0.029442623,22,43.10362,-89.40795
23,2019-08-07 12:33:59,0.00757377,27.79263934,278.6967213,0.002622951,0.086721311,0.108360656,0.092622951,5.845081967,6.944098361,19.95721311,94.72622951,7.436721311,8.684590164,0.010639344,23,43.10647,-89.39398
24,2019-08-07 12:37:29,0.038,25.62963934,517.9786885,0.309180328,1.32295082,1.370655738,1.411311475,8.012295082,11.88508197,34.11786885,118.6245902,9.677540984,8.730983607,0.053819672,24,43.10701,-89.39198
1,2019-08-22 09:27:31,0.161868852,24.45080328,496.0213115,0.532622951,2.224262295,1.739344262,1.795737705,9.66557377,11.29163934,32.4152459,135.2032787,11.27229508,8.897213115,0.229655738,1,43.0813,-89.41759
2,2019-08-22 09:33:15,0.132639344,24.55393443,495.2655738,0.656229508,2.723442623,1.698032787,1.753770492,10.58688525,11.30442623,32.45196721,137.7606557,11.46360656,8.914262295,0.188081967,2,43.08568,-89.4117
3,2019-08-22 09:39:35,0.148229508,24.61916393,494.9606557,0.339344262,1.446065574,1.340983607,1.380655738,10.16754098,11.15803279,32.03311475,137.6737705,11.44213115,8.924590164,0.210311475,3,43.08629,-89.39583
4,2019-08-22 09:47:21,0.204819672,24.70927869,494.1311475,0.407377049,1.722131148,1.266065574,1.302131148,9.429344262,10.97327869,31.50459016,140.3393443,11.6457377,8.941967213,0.290590164,4,43.08439,-89.38818
5,2019-08-22 09:52:56,0.136245902,24.68122951,495.3098361,0.315245902,1.346393443,1.185245902,1.218196721,9.187377049,11.02327869,31.64967213,137.9688525,11.4547541,8.93,0.193163934,5,43.09031,-89.38238
6,2019-08-22 09:59:16,0.138065574,24.65965574,495.7852459,0.326721311,1.392786885,1.127868852,1.157704918,9.046557377,11.02229508,31.6457377,140.1147541,11.63606557,8.93,0.195770492,6,43.09113,-89.39725
7,2019-08-22 10:05:17,0.127098361,24.71670492,495.9852459,0.337377049,1.43704918,1.308196721,1.346393443,9.292786885,11.08655738,31.82901639,137.1622951,11.37934426,8.920819672,0.180360656,7,43.09781,-89.40296
8,2019-08-22 10:11:51,0.141704918,24.7645082,495.4147541,0.386229508,1.633606557,1.297377049,1.335081967,9.687868852,11.08737705,31.83098361,140.8459016,11.67491803,8.942786885,0.201016393,8,43.09857,-89.408
9,2019-08-22 10:20:11,0.14752459,24.91932787,493.9327869,0.922786885,3.797704918,1.671639344,1.724754098,10.7504918,10.93245902,31.3857377,150.7016393,12.45622951,8.98,0.209196721,9,43.09584,-89.42011
10,2019-08-22 10:26:16,0.13195082,25.16836066,494.0639344,0.817377049,3.373770492,1.63852459,1.69147541,10.42229508,10.82901639,31.09245902,149.2278689,12.27704918,8.96442623,0.187163934,10,43.09675,-89.43056
11,2019-08-22 10:34:55,0.112983607,24.90134426,493.0065574,0.780983607,3.225081967,1.85147541,1.912459016,11.75704918,11.18377049,32.10786885,151.4196721,12.51934426,8.973770492,0.160278689,11,43.09887,-89.43411
12,2019-08-22 10:42:18,0.10095082,25.42209836,492.9491803,0.76852459,3.176557377,1.77,1.82852459,10.60131148,10.54868852,30.28737705,160.2163934,13.12065574,8.978196721,0.143163934,12,43.09818,-89.44765
13,2019-08-22 10:48:14,0.10157377,25.18857377,493.1295082,0.683606557,2.829180328,1.952459016,2.018688525,11.98081967,10.91278689,31.33098361,160.7508197,13.22065574,8.983770492,0.144081967,13,43.09828,-89.45211
14,2019-08-22 10:54:47,0.165918033,24.79478689,500.2655738,0.336393443,1.432459016,0.928852459,0.95,6.98442623,11.17737705,32.08786885,133.3836066,11.05081967,8.884262295,0.235327869,14,43.0943,-89.46682
15,2019-08-22 11:00:49,0.080967213,25.2617377,495.2737705,0.51147541,2.139672131,1.408852459,1.45,11.31,10.73491803,30.82278689,159.8590164,13.13,8.989180328,0.114737705,15,43.08879,-89.47052
16,2019-08-22 11:08:39,0.129393443,25.06211475,502.6754098,0.380163934,1.608852459,1.63557377,1.687868852,9.013934426,11.07491803,31.79688525,137.3229508,11.31868852,8.881147541,0.183557377,16,43.09462,-89.47314
17,2019-08-22 11:17:56,0.101245902,24.86118033,506.2754098,0.281803279,1.210819672,1.041147541,1.066885246,7.048196721,11.20016393,32.15442623,129.8213115,10.74032787,8.837540984,0.14357377,17,43.10178,-89.4819
18,2019-08-22 11:26:06,0.101770492,25.55440984,497.8967213,0.264918033,1.146885246,0.996721311,1.020655738,8.801967213,10.5242623,30.21770492,146.4327869,11.96295082,8.926885246,0.144360656,18,43.10126,-89.46158
19,2019-08-22 11:46:11,0.068213115,25.01340984,492.7590164,0.57557377,2.396885246,1.434918033,1.477377049,11.48885246,11.03983607,31.69491803,165.1147541,13.62245902,9.018196721,0.096819672,19,43.10452,-89.45477
20,2019-08-22 11:52:48,0.069688525,25.54119672,493.6508197,0.433934426,1.823770492,1.463278689,1.507868852,10.42655738,10.64557377,30.56557377,160.6786885,13.12934426,8.988360656,0.098803279,20,43.10649,-89.44034
21,2019-08-22 11:58:46,0.042852459,26.1135082,495.3557377,0.464754098,1.950327869,1.071311475,1.099016393,8.672295082,10.21327869,29.32557377,158.2278689,12.7957377,8.964262295,0.060688525,21,43.10703,-89.43892
22,2019-08-22 12:05:10,0.093737705,25.88072131,493.6540984,0.338360656,1.437213115,1.238688525,1.273114754,10.31213115,10.44344262,29.98459016,158.2016393,12.84672131,8.990655738,0.132868852,22,43.10799,-89.43392
23,2019-08-22 12:10:41,0.107163934,25.71567213,492.9262295,0.291147541,1.253606557,1.341803279,1.38,10.09622951,10.60229508,30.44131148,156.9836066,12.78803279,8.98557377,0.151918033,23,43.1107,-89.42289
24,2019-08-22 12:17:17,0.137196721,25.70990164,495.4114754,0.588196721,2.447213115,1.141147541,1.171147541,9.109508197,10.52196721,30.21098361,158.2163934,12.88918033,8.995245902,0.19452459,24,43.10459,-89.41405
25,2019-08-22 12:23:56,0.06947541,26.04970492,497.9918033,0.220163934,0.961639344,0.825901639,0.840819672,7.817213115,10.31967213,29.63,142.9819672,11.57639344,8.921147541,0.098557377,25,43.10586,-89.39475
26,2019-08-22 12:31:13,0.043983607,25.56780328,500.7967213,0.223770492,0.977704918,0.679344262,0.689508197,6.761967213,10.66967213,30.63245902,132.5,10.82311475,8.875409836,0.062360656,26,43.10926,-89.39301
27,2019-08-22 12:37:33,0.085819672,25.83822951,498.6114754,0.373770492,1.581967213,1.028688525,1.055409836,8.466885246,10.45819672,30.02754098,143.9885246,11.70229508,8.930163934,0.121737705,27,43.10422,-89.3833
28,2019-08-22 12:43:48,0.112147541,25.22854098,499.1180328,0.382459016,1.616557377,0.820163934,0.836229508,7.363114754,10.80196721,31.01377049,138.552459,11.38639344,8.917704918,0.158934426,28,43.11504,-89.38622
29,2019-08-22 12:51:08,0.100754098,25.16290164,504.5852459,0.158852459,0.716393443,0.370327869,0.367540984,4.098032787,10.78311475,30.95983607,107.8491803,8.874262295,8.767704918,0.142852459,29,43.11972,-89.38272
30,2019-08-22 12:57:34,0.072606557,25.54259016,503.1459016,0.201311475,0.88704918,0.538196721,0.542786885,5.376393443,10.58393443,30.38770492,120.504918,9.846721311,8.827377049,0.103016393,30,43.11954,-89.39116
31,2019-08-22 13:03:52,0.057131148,25.92668852,493.7131148,0.250163934,1.084590164,1.076393443,1.104590164,9.520819672,10.54147541,30.26721311,160.6688525,13.03786885,8.99704918,0.081065574,31,43.11982,-89.40797
32,2019-08-22 13:12:17,0.118,25.80793443,494.2,0.32442623,1.38557377,1.396557377,1.43852459,9.269180328,10.74622951,30.85491803,159.2836066,12.95327869,8.992786885,0.167327869,32,43.1136,-89.40529
33,2019-08-22 13:18:53,0.035491803,25.30183607,491.0803279,0.329836066,1.403114754,1.25852459,1.293770492,11.29311475,11.09901639,31.86540984,168.1032787,13.79983607,9.036885246,0.050393443,33,43.11738,-89.42247
34,2019-08-22 13:27:04,0.043606557,27.19659016,499.1262295,0.362295082,1.538032787,1.370327869,1.410655738,9.674918033,9.83704918,28.24655738,150.152459,11.90688525,8.93,0.061852459,34,43.12296,-89.43607
35,2019-08-22 13:37:28,0.046508197,26.35852459,495.004918,0.193606557,0.855081967,0.989672131,1.013278689,9.111967213,10.2152459,29.33081967,157.7540984,12.70065574,8.973770492,0.065836066,35,43.12641,-89.42074
1,2019-08-27 09:15:48,0.168131148,22.35493443,507.1163934,0.262459016,1.135081967,0.810983607,0.82557377,5.12147541,12.35754098,35.47229508,88.70983607,7.692131148,8.67,0.238655738,1,43.08505,-89.41476
2,2019-08-27 09:23:17,0.180655738,22.40447541,505.5967213,0.282786885,1.21704918,0.986229508,1.009344262,5.572295082,12.31786885,35.35770492,91.82786885,7.95704918,8.706065574,0.256508197,2,43.08437,-89.40442
3,2019-08-27 09:28:27,0.142180328,22.39645902,505.6163934,0.264918033,1.144754098,0.925081967,0.946229508,5.520983607,12.32819672,35.38836066,90.92622951,7.879836066,8.700491803,0.201704918,3,43.08325,-89.39684
4,2019-08-27 09:35:52,0.262672131,22.29929508,504.2868852,0.250327869,1.087868852,0.926229508,0.946885246,5.64147541,12.27508197,35.23508197,94.71311475,8.222459016,8.74,0.372918033,4,43.08937,-89.37691
5,2019-08-27 09:46:40,0.205918033,22.54706557,501.9229508,0.30704918,1.313606557,1.111803279,1.140163934,6.505409836,12.11672131,34.78016393,97.20327869,8.399672131,8.77,0.292262295,5,43.0976,-89.37826
6,2019-08-27 09:57:56,0.138868852,22.51667213,505.1,0.254590164,1.10442623,0.951311475,0.972786885,5.841967213,12.19540984,35.00754098,94.50163934,8.170655738,8.729016393,0.197032787,6,43.09722,-89.40018
7,2019-08-27 10:04:06,0.15495082,22.52418033,504.8983607,0.237868852,1.036885246,0.884918033,0.904754098,5.683114754,12.19688525,35.00967213,94.42295082,8.164262295,8.73,0.219754098,7,43.09479,-89.40442
8,2019-08-27 10:10:04,0.183377049,22.49031148,505.7491803,0.280655738,1.206885246,0.978360656,1.001311475,5.67557377,12.22360656,35.08655738,93.62295082,8.098360656,8.720327869,0.260147541,8,43.1006,-89.40907
9,2019-08-27 10:17:05,0.254934426,22.69039344,504.0622951,0.244262295,1.061147541,0.924918033,0.945245902,5.696721311,12.10868852,34.75836066,94.34918033,8.130327869,8.74,0.361819672,9,43.10026,-89.41763
10,2019-08-27 10:23:00,0.159098361,22.48313115,505.9852459,0.245737705,1.065245902,0.839180328,0.855737705,5.532295082,12.23163934,35.11032787,92.01967213,7.960819672,8.712786885,0.225770492,10,43.09681,-89.41556
11,2019-08-27 10:29:52,0.295639344,22.83044262,502.6540984,0.263770492,1.140163934,1.010163934,1.035081967,6.348852459,11.94704918,34.29754098,96.8,8.32,8.77442623,0.419540984,11,43.09821,-89.4286
12,2019-08-27 10:36:35,0.166622951,22.80436066,503.1622951,0.249016393,1.080983607,1.027377049,1.053606557,6.265901639,11.98147541,34.39278689,98.51967213,8.470819672,8.774918033,0.236508197,12,43.09505,-89.43827
13,2019-08-27 10:45:02,0.20642623,22.87081967,502.5065574,0.299016393,1.280491803,1.089016393,1.116721311,6.86442623,11.79819672,33.86721311,101.6,8.72442623,8.800327869,0.292786885,13,43.09261,-89.45887
14,2019-08-27 10:51:08,0.183229508,22.97008197,502.3,0.296065574,1.268688525,1.02147541,1.047540984,6.325245902,11.78229508,33.82163934,101.3622951,8.688852459,8.801311475,0.259918033,14,43.08697,-89.46275
15,2019-08-27 10:56:47,0.197295082,22.94365574,503.1360656,0.259672131,1.123442623,1.01,1.034754098,6.908032787,11.71278689,33.62213115,100.4557377,8.614918033,8.799672131,0.279918033,15,43.09722,-89.47047
16,2019-08-27 11:02:19,0.170508197,22.96855738,503.1,0.269836066,1.166557377,1.015245902,1.040655738,6.835737705,11.72836066,33.66852459,101.8836066,8.732622951,8.813442623,0.242032787,16,43.09574,-89.4726
17,2019-08-27 11:07:55,0.169016393,22.98588525,503.304918,0.248688525,1.079836066,1.023770492,1.049016393,7.121311475,11.6757377,33.51803279,101.7442623,8.717704918,8.803278689,0.239770492,17,43.09902,-89.47811
18,2019-08-27 11:13:32,0.123803279,22.86454098,502.0360656,0.272295082,1.174098361,0.988196721,1.012131148,6.483934426,11.72065574,33.64672131,103.6409836,8.902459016,8.818196721,0.175622951,18,43.10495,-89.46381
20,2019-08-27 11:36:40,0.171360656,22.94032787,503.5672131,0.252786885,1.093442623,0.948688525,0.970327869,6.237704918,11.81770492,33.92377049,101.5131148,8.706229508,8.785245902,0.243114754,20,43.10362,-89.44042
21,2019-08-27 11:41:54,0.190327869,22.92127869,503.3819672,0.240983607,1.048032787,0.94147541,0.962786885,6.242786885,11.80836066,33.89737705,101.7147541,8.727377049,8.786393443,0.270098361,21,43.10726,-89.44078
22,2019-08-27 11:46:41,0.165360656,22.93513115,503.5229508,0.27147541,1.165737705,0.983770492,1.006721311,6.283442623,11.86114754,34.04901639,101.552459,8.710163934,8.775081967,0.234606557,22,43.10652,-89.43493
23,2019-08-27 11:53:54,0.168229508,22.72513115,504.0393443,0.359180328,1.521803279,1.086557377,1.114098361,6.501639344,11.85409836,34.02737705,104.1147541,8.966885246,8.775245902,0.238803279,23,43.10703,-89.4021
24,2019-08-27 11:59:23,0.165901639,22.77418033,505.7377049,0.230983607,1.01,0.777213115,0.791639344,5.47147541,12.00868852,34.47,97.22131148,8.364754098,8.734262295,0.235393443,24,43.11098,-89.3959
25,2019-08-27 12:05:39,0.177770492,22.71293443,504.9131148,0.297540984,1.27704918,0.995245902,1.019180328,6.091147541,12.00868852,34.4704918,99.30655738,8.554590164,8.755081967,0.252262295,25,43.10625,-89.39094
26,2019-08-27 12:10:45,0.180721311,22.7812623,506.0229508,0.251967213,1.093606557,0.806721311,0.822786885,5.500655738,11.99163934,34.42327869,97.3852459,8.379180328,8.734262295,0.256540984,26,43.10854,-89.38844
27,2019-08-27 12:18:46,0.174196721,22.71219672,504.304918,0.309016393,1.324262295,1.049508197,1.076393443,6.39704918,12.00491803,34.45967213,99.54098361,8.574590164,8.768032787,0.247180328,27,43.10531,-89.37973
28,2019-08-27 12:29:06,0.113327869,22.77480328,503.4032787,0.260163934,1.125081967,0.915245902,0.936229508,6.267540984,11.97377049,34.37262295,100.395082,8.637377049,8.78,0.160770492,28,43.11667,-89.39015
29,2019-08-27 12:34:24,0.166016393,22.74878689,502.9704918,0.306557377,1.309508197,1.045737705,1.071147541,6.383278689,11.92114754,34.22114754,102.4459016,8.81852459,8.79,0.235672131,29,43.1195,-89.38938
30,2019-08-27 12:48:57,0.149885246,22.79596721,505.5754098,0.197704918,0.871967213,0.765081967,0.778360656,5.407868852,12.02704918,34.52245902,96.2557377,8.278688525,8.741311475,0.212852459,30,43.11616,-89.41264
31,2019-08-27 12:54:10,0.157721311,22.80870492,505.0622951,0.230327869,1.003606557,0.91704918,0.938196721,5.439016393,12.01278689,34.48262295,96.89016393,8.330819672,8.743442623,0.223819672,31,43.11562,-89.41427
32,2019-08-27 13:01:57,0.153803279,22.97011475,503.3540984,0.26442623,1.143770492,0.888032787,0.90704918,6.094754098,11.82672131,33.95081967,102.3754098,8.775901639,8.791639344,0.218295082,32,43.11343,-89.42077
33,2019-08-27 13:11:28,0.159245902,22.89586885,503.1901639,0.392622951,1.657377049,1.248360656,1.283770492,6.374262295,11.84262295,33.99606557,103.4754098,8.88,8.796065574,0.226032787,33,43.11529,-89.43193
34,2019-08-27 13:17:42,0.161622951,22.87886885,504.4081967,0.285081967,1.224098361,0.942131148,0.963606557,5.73147541,11.96540984,34.34754098,101.1721311,8.687377049,8.780983607,0.229377049,34,43.12346,-89.43023
35,2019-08-27 13:24:16,0.170213115,23.00816393,504.8704918,0.511639344,2.140655738,1.227704918,1.262295082,8.727540984,12.02213115,34.50901639,118.8901639,10.1847541,8.858032787,0.24152459,35,43.1303,-89.41475
